screen_name,user_id,followed_by,last_post_date,days_inactive,is_bot_suspect,verdict,reason
,2089698829780074496,False,Unknown,N/A,False,UNFOLLOW_IRRELEVANT,Non-Mutual & Non-Engineering Profile
,1897513745451978752,False,Unknown,N/A,False,UNFOLLOW_IRRELEVANT,Non-Mutual & Non-Engineering Profile
,2023815284361228293,False,Unknown,N/A,False,UNFOLLOW_IRRELEVANT,Non-Mutual & Non-Engineering Profile
,1216696257093296129,False,Unknown,N/A,False,UNFOLLOW_IRRELEVANT,Non-Mutual & Non-Engineering Profile
,1393260139231289344,False,Unknown,N/A,False,UNFOLLOW_IRRELEVANT,Non-Mutual & Non-Engineering Profile
,1798154287672864769,False,Unknown,N/A,False,UNFOLLOW_IRRELEVANT,Non-Mutual & Non-Engineering Profile
,1630975459528941569,False,Unknown,N/A,False,UNFOLLOW_IRRELEVANT,Non-Mutual & Non-Engineering Profile
,2921063249,False,Unknown,N/A,False,UNFOLLOW_IRRELEVANT,Non-Mutual & Non-Engineering Profile
,1733730400734769152,False,Unknown,N/A,False,UNFOLLOW_IRRELEVANT,Non-Mutual & Non-Engineering Profile
,1147051135179603968,False,Unknown,N/A,False,UNFOLLOW_IRRELEVANT,Non-Mutual & Non-Engineering Profile
,1279006363977383937,False,Unknown,N/A,False,UNFOLLOW_IRRELEVANT,Non-Mutual & Non-Engineering Profile
,1238511837722882048,False,Unknown,N/A,False,UNFOLLOW_IRRELEVANT,Non-Mutual & Non-Engineering Profile
,1599253079194484736,False,Unknown,N/A,False,UNFOLLOW_IRRELEVANT,Non-Mutual & Non-Engineering Profile
,1715794893895798784,False,Unknown,N/A,False,UNFOLLOW_IRRELEVANT,Non-Mutual & Non-Engineering Profile
,1659871093513920512,False,Unknown,N/A,False,UNFOLLOW_IRRELEVANT,Non-Mutual & Non-Engineering Profile
,1591912442770112514,False,Unknown,N/A,False,UNFOLLOW_IRRELEVANT,Non-Mutual & Non-Engineering Profile
,1227712984857948161,False,Unknown,N/A,False,UNFOLLOW_IRRELEVANT,Non-Mutual & Non-Engineering Profile
,21397423,False,Unknown,N/A,False,UNFOLLOW_IRRELEVANT,Non-Mutual & Non-Engineering Profile
,1796392828966215680,False,Unknown,N/A,False,UNFOLLOW_IRRELEVANT,Non-Mutual & Non-Engineering Profile
,1580954957771055110,False,Unknown,N/A,False,UNFOLLOW_IRRELEVANT,Non-Mutual & Non-Engineering Profile
,1985422681265881088,False,Unknown,N/A,False,UNFOLLOW_IRRELEVANT,Non-Mutual & Non-Engineering Profile
,2041321349474299905,False,Unknown,N/A,False,UNFOLLOW_IRRELEVANT,Non-Mutual & Non-Engineering Profile
,1404807628493103114,False,Unknown,N/A,False,UNFOLLOW_IRRELEVANT,Non-Mutual & Non-Engineering Profile
,67919842,False,Unknown,N/A,False,UNFOLLOW_IRRELEVANT,Non-Mutual & Non-Engineering Profile
,1980713417012080640,False,Unknown,N/A,False,UNFOLLOW_IRRELEVANT,Non-Mutual & Non-Engineering Profile
,242088970,False,Unknown,N/A,False,UNFOLLOW_IRRELEVANT,Non-Mutual & Non-Engineering Profile
,2520368154,False,Unknown,N/A,False,UNFOLLOW_IRRELEVANT,Non-Mutual & Non-Engineering Profile
,1880004935015632896,False,Unknown,N/A,False,UNFOLLOW_IRRELEVANT,Non-Mutual & Non-Engineering Profile
,101210203,False,Unknown,N/A,False,UNFOLLOW_IRRELEVANT,Non-Mutual & Non-Engineering Profile
,45167431,False,Unknown,N/A,False,UNFOLLOW_IRRELEVANT,Non-Mutual & Non-Engineering Profile
,1683207105023492096,False,Unknown,N/A,False,UNFOLLOW_IRRELEVANT,Non-Mutual & Non-Engineering Profile
,80233893,False,Unknown,N/A,False,UNFOLLOW_IRRELEVANT,Non-Mutual & Non-Engineering Profile
,1792503592554758145,False,Unknown,N/A,False,UNFOLLOW_IRRELEVANT,Non-Mutual & Non-Engineering Profile
,847535119325741056,False,Unknown,N/A,False,UNFOLLOW_IRRELEVANT,Non-Mutual & Non-Engineering Profile
,2069450272615649280,False,Unknown,N/A,False,UNFOLLOW_IRRELEVANT,Non-Mutual & Non-Engineering Profile
,756721302518530048,False,Unknown,N/A,False,UNFOLLOW_IRRELEVANT,Non-Mutual & Non-Engineering Profile
,3241668860,False,Unknown,N/A,False,UNFOLLOW_IRRELEVANT,Non-Mutual & Non-Engineering Profile
,1909595757876789248,False,Unknown,N/A,False,UNFOLLOW_IRRELEVANT,Non-Mutual & Non-Engineering Profile
,706295244304744448,False,Unknown,N/A,False,UNFOLLOW_IRRELEVANT,Non-Mutual & Non-Engineering Profile
,1481570449674940420,False,Unknown,N/A,False,UNFOLLOW_IRRELEVANT,Non-Mutual & Non-Engineering Profile
,1621489864540852224,False,Unknown,N/A,False,UNFOLLOW_IRRELEVANT,Non-Mutual & Non-Engineering Profile
,2041670341978710016,False,Unknown,N/A,False,UNFOLLOW_IRRELEVANT,Non-Mutual & Non-Engineering Profile
,1742727514492198912,False,Unknown,N/A,False,UNFOLLOW_IRRELEVANT,Non-Mutual & Non-Engineering Profile
,1316697127,False,Unknown,N/A,False,UNFOLLOW_IRRELEVANT,Non-Mutual & Non-Engineering Profile
,1989776455795183616,False,Unknown,N/A,False,UNFOLLOW_IRRELEVANT,Non-Mutual & Non-Engineering Profile
,1733940000037781504,False,Unknown,N/A,False,UNFOLLOW_IRRELEVANT,Non-Mutual & Non-Engineering Profile
,1955595271007830018,False,Unknown,N/A,False,UNFOLLOW_IRRELEVANT,Non-Mutual & Non-Engineering Profile
,89272855,False,Unknown,N/A,False,UNFOLLOW_IRRELEVANT,Non-Mutual & Non-Engineering Profile
,1934573314577727490,False,Unknown,N/A,False,UNFOLLOW_IRRELEVANT,Non-Mutual & Non-Engineering Profile
,2073248578332393472,False,Unknown,N/A,False,UNFOLLOW_IRRELEVANT,Non-Mutual & Non-Engineering Profile
,1824964708459216896,False,Unknown,N/A,False,UNFOLLOW_IRRELEVANT,Non-Mutual & Non-Engineering Profile
,1927381051812319233,False,Unknown,N/A,False,UNFOLLOW_IRRELEVANT,Non-Mutual & Non-Engineering Profile
,1942391361673613312,False,Unknown,N/A,False,UNFOLLOW_IRRELEVANT,Non-Mutual & Non-Engineering Profile
,1615947558026899457,False,Unknown,N/A,False,UNFOLLOW_IRRELEVANT,Non-Mutual & Non-Engineering Profile
,1803491728248209409,False,Unknown,N/A,False,UNFOLLOW_IRRELEVANT,Non-Mutual & Non-Engineering Profile
,1619766252787957760,False,Unknown,N/A,False,UNFOLLOW_IRRELEVANT,Non-Mutual & Non-Engineering Profile
,1806607741726695424,False,Unknown,N/A,False,UNFOLLOW_IRRELEVANT,Non-Mutual & Non-Engineering Profile
,1851934708730368000,False,Unknown,N/A,False,UNFOLLOW_IRRELEVANT,Non-Mutual & Non-Engineering Profile
,1829270775683014657,False,Unknown,N/A,False,UNFOLLOW_IRRELEVANT,Non-Mutual & Non-Engineering Profile
,1757292881730260992,False,Unknown,N/A,False,UNFOLLOW_IRRELEVANT,Non-Mutual & Non-Engineering Profile
,1604149141445246976,False,Unknown,N/A,False,UNFOLLOW_IRRELEVANT,Non-Mutual & Non-Engineering Profile
,1943549372849098753,False,Unknown,N/A,False,UNFOLLOW_IRRELEVANT,Non-Mutual & Non-Engineering Profile
,1695125783344201735,False,Unknown,N/A,False,UNFOLLOW_IRRELEVANT,Non-Mutual & Non-Engineering Profile
,1274846586699501568,False,Unknown,N/A,False,UNFOLLOW_IRRELEVANT,Non-Mutual & Non-Engineering Profile
,1626144595435307008,False,Unknown,N/A,False,UNFOLLOW_IRRELEVANT,Non-Mutual & Non-Engineering Profile
,1804846045882691584,False,Unknown,N/A,False,UNFOLLOW_IRRELEVANT,Non-Mutual & Non-Engineering Profile
,1347744244652412928,False,Unknown,N/A,False,UNFOLLOW_IRRELEVANT,Non-Mutual & Non-Engineering Profile
,1753893600843173889,False,Unknown,N/A,False,UNFOLLOW_IRRELEVANT,Non-Mutual & Non-Engineering Profile
,1695611634331344896,False,Unknown,N/A,False,UNFOLLOW_IRRELEVANT,Non-Mutual & Non-Engineering Profile
,1263142774280531971,False,Unknown,N/A,False,UNFOLLOW_IRRELEVANT,Non-Mutual & Non-Engineering Profile
,1208058314745163776,False,Unknown,N/A,False,UNFOLLOW_IRRELEVANT,Non-Mutual & Non-Engineering Profile
,1536960801952743424,False,Unknown,N/A,False,UNFOLLOW_IRRELEVANT,Non-Mutual & Non-Engineering Profile
,1954950968698646528,False,Unknown,N/A,False,UNFOLLOW_IRRELEVANT,Non-Mutual & Non-Engineering Profile
,1226937267270410240,False,Unknown,N/A,False,UNFOLLOW_IRRELEVANT,Non-Mutual & Non-Engineering Profile
,1304036016957915136,False,Unknown,N/A,False,UNFOLLOW_IRRELEVANT,Non-Mutual & Non-Engineering Profile
,3281195418,False,Unknown,N/A,False,UNFOLLOW_IRRELEVANT,Non-Mutual & Non-Engineering Profile
,1153716168848478208,False,Unknown,N/A,False,UNFOLLOW_IRRELEVANT,Non-Mutual & Non-Engineering Profile
,2247435294,False,Unknown,N/A,False,UNFOLLOW_IRRELEVANT,Non-Mutual & Non-Engineering Profile
,1511596851979591683,False,Unknown,N/A,False,UNFOLLOW_IRRELEVANT,Non-Mutual & Non-Engineering Profile
,1950657428220944384,False,Unknown,N/A,False,UNFOLLOW_IRRELEVANT,Non-Mutual & Non-Engineering Profile
,1888253316091551744,False,Unknown,N/A,False,UNFOLLOW_IRRELEVANT,Non-Mutual & Non-Engineering Profile
,1538598353524731907,False,Unknown,N/A,False,UNFOLLOW_IRRELEVANT,Non-Mutual & Non-Engineering Profile
,1682361450948427776,False,Unknown,N/A,False,UNFOLLOW_IRRELEVANT,Non-Mutual & Non-Engineering Profile
,1837835550490812416,False,Unknown,N/A,False,UNFOLLOW_IRRELEVANT,Non-Mutual & Non-Engineering Profile
,1339813667437752320,False,Unknown,N/A,False,UNFOLLOW_IRRELEVANT,Non-Mutual & Non-Engineering Profile
,1720997128170885121,False,Unknown,N/A,False,UNFOLLOW_IRRELEVANT,Non-Mutual & Non-Engineering Profile
,1630275891895889920,False,Unknown,N/A,False,UNFOLLOW_IRRELEVANT,Non-Mutual & Non-Engineering Profile
,2068069585656356864,False,Unknown,N/A,False,UNFOLLOW_IRRELEVANT,Non-Mutual & Non-Engineering Profile
,2042327754587201537,False,Unknown,N/A,False,UNFOLLOW_IRRELEVANT,Non-Mutual & Non-Engineering Profile
,1620693360259342338,False,Unknown,N/A,False,UNFOLLOW_IRRELEVANT,Non-Mutual & Non-Engineering Profile
,1992296492242292736,False,Unknown,N/A,False,UNFOLLOW_IRRELEVANT,Non-Mutual & Non-Engineering Profile
,1847596982862282752,False,Unknown,N/A,False,UNFOLLOW_IRRELEVANT,Non-Mutual & Non-Engineering Profile
,1358074775399264261,False,Unknown,N/A,False,UNFOLLOW_IRRELEVANT,Non-Mutual & Non-Engineering Profile
,1438228289848479749,False,Unknown,N/A,False,UNFOLLOW_IRRELEVANT,Non-Mutual & Non-Engineering Profile
,1588906011917750273,False,Unknown,N/A,False,UNFOLLOW_IRRELEVANT,Non-Mutual & Non-Engineering Profile
,1292449110,False,Unknown,N/A,False,UNFOLLOW_IRRELEVANT,Non-Mutual & Non-Engineering Profile
,1016059183085576192,False,Unknown,N/A,False,UNFOLLOW_IRRELEVANT,Non-Mutual & Non-Engineering Profile
,1681412703556911109,False,Unknown,N/A,False,UNFOLLOW_IRRELEVANT,Non-Mutual & Non-Engineering Profile
,1454891808983506951,False,Unknown,N/A,False,UNFOLLOW_IRRELEVANT,Non-Mutual & Non-Engineering Profile
,1057305457,False,Unknown,N/A,False,UNFOLLOW_IRRELEVANT,Non-Mutual & Non-Engineering Profile
,2028543236403556352,False,Unknown,N/A,False,UNFOLLOW_IRRELEVANT,Non-Mutual & Non-Engineering Profile
,1238520105841168386,False,Unknown,N/A,False,UNFOLLOW_IRRELEVANT,Non-Mutual & Non-Engineering Profile
,2063950951359082496,False,Unknown,N/A,False,UNFOLLOW_IRRELEVANT,Non-Mutual & Non-Engineering Profile
,737979949,False,Unknown,N/A,False,UNFOLLOW_IRRELEVANT,Non-Mutual & Non-Engineering Profile
,819432501982752768,False,Unknown,N/A,False,UNFOLLOW_IRRELEVANT,Non-Mutual & Non-Engineering Profile
,897507323018715141,False,Unknown,N/A,False,UNFOLLOW_IRRELEVANT,Non-Mutual & Non-Engineering Profile
,1319342279115550721,False,Unknown,N/A,False,UNFOLLOW_IRRELEVANT,Non-Mutual & Non-Engineering Profile
,256523056,False,Unknown,N/A,False,UNFOLLOW_IRRELEVANT,Non-Mutual & Non-Engineering Profile
,1507383234337906699,False,Unknown,N/A,False,UNFOLLOW_IRRELEVANT,Non-Mutual & Non-Engineering Profile
,1632401763570524161,False,Unknown,N/A,False,UNFOLLOW_IRRELEVANT,Non-Mutual & Non-Engineering Profile
,1252674850453364737,False,Unknown,N/A,False,UNFOLLOW_IRRELEVANT,Non-Mutual & Non-Engineering Profile
,520445177,False,Unknown,N/A,False,UNFOLLOW_IRRELEVANT,Non-Mutual & Non-Engineering Profile
,1831023934768140288,False,Unknown,N/A,False,UNFOLLOW_IRRELEVANT,Non-Mutual & Non-Engineering Profile
,310804819,False,Unknown,N/A,False,UNFOLLOW_IRRELEVANT,Non-Mutual & Non-Engineering Profile
,1196366010921758720,False,Unknown,N/A,False,UNFOLLOW_IRRELEVANT,Non-Mutual & Non-Engineering Profile
,773951466,False,Unknown,N/A,False,UNFOLLOW_IRRELEVANT,Non-Mutual & Non-Engineering Profile
,1848201385709596672,False,Unknown,N/A,False,UNFOLLOW_IRRELEVANT,Non-Mutual & Non-Engineering Profile
,459294214,False,Unknown,N/A,False,UNFOLLOW_IRRELEVANT,Non-Mutual & Non-Engineering Profile
,1434492176243822601,False,Unknown,N/A,False,UNFOLLOW_IRRELEVANT,Non-Mutual & Non-Engineering Profile
,1590719998279958529,False,Unknown,N/A,False,UNFOLLOW_IRRELEVANT,Non-Mutual & Non-Engineering Profile
,1480199691639873544,False,Unknown,N/A,False,UNFOLLOW_IRRELEVANT,Non-Mutual & Non-Engineering Profile
,2035851114596401152,False,Unknown,N/A,False,UNFOLLOW_IRRELEVANT,Non-Mutual & Non-Engineering Profile
,1963643193934974983,False,Unknown,N/A,False,UNFOLLOW_IRRELEVANT,Non-Mutual & Non-Engineering Profile
,1505873863703470081,False,Unknown,N/A,False,UNFOLLOW_IRRELEVANT,Non-Mutual & Non-Engineering Profile
,1721139282092429312,False,Unknown,N/A,False,UNFOLLOW_IRRELEVANT,Non-Mutual & Non-Engineering Profile
,260886212,False,Unknown,N/A,False,UNFOLLOW_IRRELEVANT,Non-Mutual & Non-Engineering Profile
,130537001,False,Unknown,N/A,False,UNFOLLOW_IRRELEVANT,Non-Mutual & Non-Engineering Profile
,1495967016804663299,False,Unknown,N/A,False,UNFOLLOW_IRRELEVANT,Non-Mutual & Non-Engineering Profile
,1317327383628705793,False,Unknown,N/A,False,UNFOLLOW_IRRELEVANT,Non-Mutual & Non-Engineering Profile
,3044300378,False,Unknown,N/A,False,UNFOLLOW_IRRELEVANT,Non-Mutual & Non-Engineering Profile
,1347430870278430722,False,Unknown,N/A,False,UNFOLLOW_IRRELEVANT,Non-Mutual & Non-Engineering Profile
,1805622878550843392,False,Unknown,N/A,False,UNFOLLOW_IRRELEVANT,Non-Mutual & Non-Engineering Profile
,1544850369817284608,False,Unknown,N/A,False,UNFOLLOW_IRRELEVANT,Non-Mutual & Non-Engineering Profile
,1252517048397312001,False,Unknown,N/A,False,UNFOLLOW_IRRELEVANT,Non-Mutual & Non-Engineering Profile
,1637507099558027267,False,Unknown,N/A,False,UNFOLLOW_IRRELEVANT,Non-Mutual & Non-Engineering Profile
,1557662487213969408,False,Unknown,N/A,False,UNFOLLOW_IRRELEVANT,Non-Mutual & Non-Engineering Profile
,2078532715838644224,False,Unknown,N/A,False,UNFOLLOW_IRRELEVANT,Non-Mutual & Non-Engineering Profile
,1573231714914238465,False,Unknown,N/A,False,UNFOLLOW_IRRELEVANT,Non-Mutual & Non-Engineering Profile
,1990034354404511744,False,Unknown,N/A,False,UNFOLLOW_IRRELEVANT,Non-Mutual & Non-Engineering Profile
,1802923627118985216,False,Unknown,N/A,False,UNFOLLOW_IRRELEVANT,Non-Mutual & Non-Engineering Profile
,1997628789808156672,False,Unknown,N/A,False,UNFOLLOW_IRRELEVANT,Non-Mutual & Non-Engineering Profile
,116579971,False,Unknown,N/A,False,UNFOLLOW_IRRELEVANT,Non-Mutual & Non-Engineering Profile
,1796487105603854336,False,Unknown,N/A,False,UNFOLLOW_IRRELEVANT,Non-Mutual & Non-Engineering Profile
,1916105500162199552,False,Unknown,N/A,False,UNFOLLOW_IRRELEVANT,Non-Mutual & Non-Engineering Profile
,889879211179208706,False,Unknown,N/A,False,UNFOLLOW_IRRELEVANT,Non-Mutual & Non-Engineering Profile
,1222608676306984962,False,Unknown,N/A,False,UNFOLLOW_IRRELEVANT,Non-Mutual & Non-Engineering Profile
,1322021611080482816,False,Unknown,N/A,False,UNFOLLOW_IRRELEVANT,Non-Mutual & Non-Engineering Profile
,1714378655785185280,False,Unknown,N/A,False,UNFOLLOW_IRRELEVANT,Non-Mutual & Non-Engineering Profile
,1456832003643359233,False,Unknown,N/A,False,UNFOLLOW_IRRELEVANT,Non-Mutual & Non-Engineering Profile
,1904567792952901632,False,Unknown,N/A,False,UNFOLLOW_IRRELEVANT,Non-Mutual & Non-Engineering Profile
,1474620233788841986,False,Unknown,N/A,False,UNFOLLOW_IRRELEVANT,Non-Mutual & Non-Engineering Profile
,1362197169663586305,False,Unknown,N/A,False,UNFOLLOW_IRRELEVANT,Non-Mutual & Non-Engineering Profile
,299754541,False,Unknown,N/A,False,UNFOLLOW_IRRELEVANT,Non-Mutual & Non-Engineering Profile
,1634850642366808064,False,Unknown,N/A,False,UNFOLLOW_IRRELEVANT,Non-Mutual & Non-Engineering Profile
,2023436852313870336,False,Unknown,N/A,False,UNFOLLOW_IRRELEVANT,Non-Mutual & Non-Engineering Profile
,1758245554847371265,False,Unknown,N/A,False,UNFOLLOW_IRRELEVANT,Non-Mutual & Non-Engineering Profile
,1727755158300327936,False,Unknown,N/A,False,UNFOLLOW_IRRELEVANT,Non-Mutual & Non-Engineering Profile
,1573999875913555969,False,Unknown,N/A,False,UNFOLLOW_IRRELEVANT,Non-Mutual & Non-Engineering Profile
,1876277055555346432,False,Unknown,N/A,False,UNFOLLOW_IRRELEVANT,Non-Mutual & Non-Engineering Profile
,1829552267273347072,False,Unknown,N/A,False,UNFOLLOW_IRRELEVANT,Non-Mutual & Non-Engineering Profile
,1415756268468416520,False,Unknown,N/A,False,UNFOLLOW_IRRELEVANT,Non-Mutual & Non-Engineering Profile
,1133110690615418880,False,Unknown,N/A,False,UNFOLLOW_IRRELEVANT,Non-Mutual & Non-Engineering Profile
,2070631956824698880,False,Unknown,N/A,False,UNFOLLOW_IRRELEVANT,Non-Mutual & Non-Engineering Profile
,1220030348018507776,False,Unknown,N/A,False,UNFOLLOW_IRRELEVANT,Non-Mutual & Non-Engineering Profile
,1675710375617245185,False,Unknown,N/A,False,UNFOLLOW_IRRELEVANT,Non-Mutual & Non-Engineering Profile
,1791569822880235520,False,Unknown,N/A,False,UNFOLLOW_IRRELEVANT,Non-Mutual & Non-Engineering Profile
,2041520523176218624,False,Unknown,N/A,False,UNFOLLOW_IRRELEVANT,Non-Mutual & Non-Engineering Profile
,1736666585593487361,False,Unknown,N/A,False,UNFOLLOW_IRRELEVANT,Non-Mutual & Non-Engineering Profile
,1548635340088479751,False,Unknown,N/A,False,UNFOLLOW_IRRELEVANT,Non-Mutual & Non-Engineering Profile
,1781914021760991232,False,Unknown,N/A,False,UNFOLLOW_IRRELEVANT,Non-Mutual & Non-Engineering Profile
,1673336955768111112,False,Unknown,N/A,False,UNFOLLOW_IRRELEVANT,Non-Mutual & Non-Engineering Profile
,1332590875986309120,False,Unknown,N/A,False,UNFOLLOW_IRRELEVANT,Non-Mutual & Non-Engineering Profile
,143655326,False,Unknown,N/A,False,UNFOLLOW_IRRELEVANT,Non-Mutual & Non-Engineering Profile
,1891220777694797824,False,Unknown,N/A,False,UNFOLLOW_IRRELEVANT,Non-Mutual & Non-Engineering Profile
,1747655579789656066,False,Unknown,N/A,False,UNFOLLOW_IRRELEVANT,Non-Mutual & Non-Engineering Profile
,1934576986904743936,False,Unknown,N/A,False,UNFOLLOW_IRRELEVANT,Non-Mutual & Non-Engineering Profile
,1638643659351416835,False,Unknown,N/A,False,UNFOLLOW_IRRELEVANT,Non-Mutual & Non-Engineering Profile
,2563725636,False,Unknown,N/A,False,UNFOLLOW_IRRELEVANT,Non-Mutual & Non-Engineering Profile
,1609480187229470721,False,Unknown,N/A,False,UNFOLLOW_IRRELEVANT,Non-Mutual & Non-Engineering Profile
,19091173,False,Unknown,N/A,False,UNFOLLOW_IRRELEVANT,Non-Mutual & Non-Engineering Profile
,1759352946402484224,False,Unknown,N/A,False,UNFOLLOW_IRRELEVANT,Non-Mutual & Non-Engineering Profile
,1725137533,False,Unknown,N/A,False,UNFOLLOW_IRRELEVANT,Non-Mutual & Non-Engineering Profile
,1385087215122976768,False,Unknown,N/A,False,UNFOLLOW_IRRELEVANT,Non-Mutual & Non-Engineering Profile
,1827701660438712320,False,Unknown,N/A,False,UNFOLLOW_IRRELEVANT,Non-Mutual & Non-Engineering Profile
,1912626432485855232,False,Unknown,N/A,False,UNFOLLOW_IRRELEVANT,Non-Mutual & Non-Engineering Profile
,2068063107025354752,False,Unknown,N/A,False,UNFOLLOW_IRRELEVANT,Non-Mutual & Non-Engineering Profile
,2625695740,False,Unknown,N/A,False,UNFOLLOW_IRRELEVANT,Non-Mutual & Non-Engineering Profile
,1988858617127391232,False,Unknown,N/A,False,UNFOLLOW_IRRELEVANT,Non-Mutual & Non-Engineering Profile
,1266007284230115328,False,Unknown,N/A,False,UNFOLLOW_IRRELEVANT,Non-Mutual & Non-Engineering Profile
,1511326329928654849,False,Unknown,N/A,False,UNFOLLOW_IRRELEVANT,Non-Mutual & Non-Engineering Profile
,1708116361241579520,False,Unknown,N/A,False,UNFOLLOW_IRRELEVANT,Non-Mutual & Non-Engineering Profile
,1580510925739679745,False,Unknown,N/A,False,UNFOLLOW_IRRELEVANT,Non-Mutual & Non-Engineering Profile
,1593997154263105536,False,Unknown,N/A,False,UNFOLLOW_IRRELEVANT,Non-Mutual & Non-Engineering Profile
,1998417705830121472,False,Unknown,N/A,False,UNFOLLOW_IRRELEVANT,Non-Mutual & Non-Engineering Profile
,1650268779786452992,False,Unknown,N/A,False,UNFOLLOW_IRRELEVANT,Non-Mutual & Non-Engineering Profile
,1957198190,False,Unknown,N/A,False,UNFOLLOW_IRRELEVANT,Non-Mutual & Non-Engineering Profile
,2054104944739848192,False,Unknown,N/A,False,UNFOLLOW_IRRELEVANT,Non-Mutual & Non-Engineering Profile
,1175697115542167552,False,Unknown,N/A,False,UNFOLLOW_IRRELEVANT,Non-Mutual & Non-Engineering Profile
,1545751378835947524,False,Unknown,N/A,False,UNFOLLOW_IRRELEVANT,Non-Mutual & Non-Engineering Profile
,1816867126214307840,False,Unknown,N/A,False,UNFOLLOW_IRRELEVANT,Non-Mutual & Non-Engineering Profile
,1846930416936128512,False,Unknown,N/A,False,UNFOLLOW_IRRELEVANT,Non-Mutual & Non-Engineering Profile
,1391996311830876165,False,Unknown,N/A,False,UNFOLLOW_IRRELEVANT,Non-Mutual & Non-Engineering Profile
,1836888768256589824,False,Unknown,N/A,False,UNFOLLOW_IRRELEVANT,Non-Mutual & Non-Engineering Profile
,1501697376356028423,False,Unknown,N/A,False,UNFOLLOW_IRRELEVANT,Non-Mutual & Non-Engineering Profile
,1796484894316478464,False,Unknown,N/A,False,UNFOLLOW_IRRELEVANT,Non-Mutual & Non-Engineering Profile
,1184839845207826432,False,Unknown,N/A,False,UNFOLLOW_IRRELEVANT,Non-Mutual & Non-Engineering Profile
,810392535084527617,False,Unknown,N/A,False,UNFOLLOW_IRRELEVANT,Non-Mutual & Non-Engineering Profile
,1796881165112037377,False,Unknown,N/A,False,UNFOLLOW_IRRELEVANT,Non-Mutual & Non-Engineering Profile
,1606352512776290304,False,Unknown,N/A,False,UNFOLLOW_IRRELEVANT,Non-Mutual & Non-Engineering Profile
,1796295960705822720,False,Unknown,N/A,False,UNFOLLOW_IRRELEVANT,Non-Mutual & Non-Engineering Profile
,1242698547339771904,False,Unknown,N/A,False,UNFOLLOW_IRRELEVANT,Non-Mutual & Non-Engineering Profile
,1589625371581882368,False,Unknown,N/A,False,UNFOLLOW_IRRELEVANT,Non-Mutual & Non-Engineering Profile
,1272140671227441153,False,Unknown,N/A,False,UNFOLLOW_IRRELEVANT,Non-Mutual & Non-Engineering Profile
,911150143759687680,False,Unknown,N/A,False,UNFOLLOW_IRRELEVANT,Non-Mutual & Non-Engineering Profile
,553581707,False,Unknown,N/A,False,UNFOLLOW_IRRELEVANT,Non-Mutual & Non-Engineering Profile
,1502297418259435523,False,Unknown,N/A,False,UNFOLLOW_IRRELEVANT,Non-Mutual & Non-Engineering Profile
,1867670328195108864,False,Unknown,N/A,False,UNFOLLOW_IRRELEVANT,Non-Mutual & Non-Engineering Profile
,155659213,False,Unknown,N/A,False,UNFOLLOW_IRRELEVANT,Non-Mutual & Non-Engineering Profile
,1797697079076155392,False,Unknown,N/A,False,UNFOLLOW_IRRELEVANT,Non-Mutual & Non-Engineering Profile
,237679764,False,Unknown,N/A,False,UNFOLLOW_IRRELEVANT,Non-Mutual & Non-Engineering Profile
,2009952193290612736,False,Unknown,N/A,False,UNFOLLOW_IRRELEVANT,Non-Mutual & Non-Engineering Profile
,2538322138,False,Unknown,N/A,False,UNFOLLOW_IRRELEVANT,Non-Mutual & Non-Engineering Profile
,3371747277,False,Unknown,N/A,False,UNFOLLOW_IRRELEVANT,Non-Mutual & Non-Engineering Profile
,1534448359762796544,False,Unknown,N/A,False,UNFOLLOW_IRRELEVANT,Non-Mutual & Non-Engineering Profile
,1476355687919796229,False,Unknown,N/A,False,UNFOLLOW_IRRELEVANT,Non-Mutual & Non-Engineering Profile
,97914405,False,Unknown,N/A,False,UNFOLLOW_IRRELEVANT,Non-Mutual & Non-Engineering Profile
,18208354,False,Unknown,N/A,False,UNFOLLOW_IRRELEVANT,Non-Mutual & Non-Engineering Profile
,904630459539312640,False,Unknown,N/A,False,UNFOLLOW_IRRELEVANT,Non-Mutual & Non-Engineering Profile
,2032156498592481285,False,Unknown,N/A,False,UNFOLLOW_IRRELEVANT,Non-Mutual & Non-Engineering Profile
,966954173714567168,False,Unknown,N/A,False,UNFOLLOW_IRRELEVANT,Non-Mutual & Non-Engineering Profile
,1581009891870785537,False,Unknown,N/A,False,UNFOLLOW_IRRELEVANT,Non-Mutual & Non-Engineering Profile
,1009505416315899908,False,Unknown,N/A,False,UNFOLLOW_IRRELEVANT,Non-Mutual & Non-Engineering Profile
,1825989801926959105,False,Unknown,N/A,False,UNFOLLOW_IRRELEVANT,Non-Mutual & Non-Engineering Profile
,1555988655176646660,False,Unknown,N/A,False,UNFOLLOW_IRRELEVANT,Non-Mutual & Non-Engineering Profile
,738456095971287040,False,Unknown,N/A,False,UNFOLLOW_IRRELEVANT,Non-Mutual & Non-Engineering Profile
,1678517799482793984,False,Unknown,N/A,False,UNFOLLOW_IRRELEVANT,Non-Mutual & Non-Engineering Profile
,996785343008595969,False,Unknown,N/A,False,UNFOLLOW_IRRELEVANT,Non-Mutual & Non-Engineering Profile
,18073623,False,Unknown,N/A,False,UNFOLLOW_IRRELEVANT,Non-Mutual & Non-Engineering Profile
,1545480574659444738,False,Unknown,N/A,False,UNFOLLOW_IRRELEVANT,Non-Mutual & Non-Engineering Profile
,17468569,False,Unknown,N/A,False,UNFOLLOW_IRRELEVANT,Non-Mutual & Non-Engineering Profile
,240664869,False,Unknown,N/A,False,UNFOLLOW_IRRELEVANT,Non-Mutual & Non-Engineering Profile
,1636418352393469955,False,Unknown,N/A,False,UNFOLLOW_IRRELEVANT,Non-Mutual & Non-Engineering Profile
,2050891609835704320,False,Unknown,N/A,False,UNFOLLOW_IRRELEVANT,Non-Mutual & Non-Engineering Profile
,1263491240336769026,False,Unknown,N/A,False,UNFOLLOW_IRRELEVANT,Non-Mutual & Non-Engineering Profile
,374594501,False,Unknown,N/A,False,UNFOLLOW_IRRELEVANT,Non-Mutual & Non-Engineering Profile
,2157651508,False,Unknown,N/A,False,UNFOLLOW_IRRELEVANT,Non-Mutual & Non-Engineering Profile
,1968782063189827584,False,Unknown,N/A,False,UNFOLLOW_IRRELEVANT,Non-Mutual & Non-Engineering Profile
,1215077597798916102,False,Unknown,N/A,False,UNFOLLOW_IRRELEVANT,Non-Mutual & Non-Engineering Profile
,2066946146174418944,False,Unknown,N/A,False,UNFOLLOW_IRRELEVANT,Non-Mutual & Non-Engineering Profile
,944464074888200194,False,Unknown,N/A,False,UNFOLLOW_IRRELEVANT,Non-Mutual & Non-Engineering Profile
,1200616796295847936,False,Unknown,N/A,False,UNFOLLOW_IRRELEVANT,Non-Mutual & Non-Engineering Profile
,1047865837720412162,False,Unknown,N/A,False,UNFOLLOW_IRRELEVANT,Non-Mutual & Non-Engineering Profile
,1887211124195549184,False,Unknown,N/A,False,UNFOLLOW_IRRELEVANT,Non-Mutual & Non-Engineering Profile
,1663855696218128385,False,Unknown,N/A,False,UNFOLLOW_IRRELEVANT,Non-Mutual & Non-Engineering Profile
,1358879069220327425,False,Unknown,N/A,False,UNFOLLOW_IRRELEVANT,Non-Mutual & Non-Engineering Profile
,1854412667177558016,False,Unknown,N/A,False,UNFOLLOW_IRRELEVANT,Non-Mutual & Non-Engineering Profile
,1545620020952186881,False,Unknown,N/A,False,UNFOLLOW_IRRELEVANT,Non-Mutual & Non-Engineering Profile
,1577418222940442624,False,Unknown,N/A,False,UNFOLLOW_IRRELEVANT,Non-Mutual & Non-Engineering Profile
,1320970636324261889,False,Unknown,N/A,False,UNFOLLOW_IRRELEVANT,Non-Mutual & Non-Engineering Profile
,1295335637533569024,False,Unknown,N/A,False,UNFOLLOW_IRRELEVANT,Non-Mutual & Non-Engineering Profile
,1368048128365105153,False,Unknown,N/A,False,UNFOLLOW_IRRELEVANT,Non-Mutual & Non-Engineering Profile
,2180748249,False,Unknown,N/A,False,UNFOLLOW_IRRELEVANT,Non-Mutual & Non-Engineering Profile
,1827120295435542528,False,Unknown,N/A,False,UNFOLLOW_IRRELEVANT,Non-Mutual & Non-Engineering Profile
,1841113170229776389,False,Unknown,N/A,False,UNFOLLOW_IRRELEVANT,Non-Mutual & Non-Engineering Profile
,1337029050,False,Unknown,N/A,False,UNFOLLOW_IRRELEVANT,Non-Mutual & Non-Engineering Profile
,91145174,False,Unknown,N/A,False,UNFOLLOW_IRRELEVANT,Non-Mutual & Non-Engineering Profile
,1428789207825256453,False,Unknown,N/A,False,UNFOLLOW_IRRELEVANT,Non-Mutual & Non-Engineering Profile
,874383812,False,Unknown,N/A,False,UNFOLLOW_IRRELEVANT,Non-Mutual & Non-Engineering Profile
,1125777781734830080,False,Unknown,N/A,False,UNFOLLOW_IRRELEVANT,Non-Mutual & Non-Engineering Profile
,58156965,False,Unknown,N/A,False,UNFOLLOW_IRRELEVANT,Non-Mutual & Non-Engineering Profile
,1468103131737247748,False,Unknown,N/A,False,UNFOLLOW_IRRELEVANT,Non-Mutual & Non-Engineering Profile
,1683758697162440706,False,Unknown,N/A,False,UNFOLLOW_IRRELEVANT,Non-Mutual & Non-Engineering Profile
,1928827798962962433,False,Unknown,N/A,False,UNFOLLOW_IRRELEVANT,Non-Mutual & Non-Engineering Profile
,1683294573861142533,False,Unknown,N/A,False,UNFOLLOW_IRRELEVANT,Non-Mutual & Non-Engineering Profile
,1476173980268744715,False,Unknown,N/A,False,UNFOLLOW_IRRELEVANT,Non-Mutual & Non-Engineering Profile
,1845953699757412357,False,Unknown,N/A,False,UNFOLLOW_IRRELEVANT,Non-Mutual & Non-Engineering Profile
,561690077,False,Unknown,N/A,False,UNFOLLOW_IRRELEVANT,Non-Mutual & Non-Engineering Profile
,62513246,False,Unknown,N/A,False,UNFOLLOW_IRRELEVANT,Non-Mutual & Non-Engineering Profile
,3840,False,Unknown,N/A,False,UNFOLLOW_IRRELEVANT,Non-Mutual & Non-Engineering Profile
,361823000,False,Unknown,N/A,False,UNFOLLOW_IRRELEVANT,Non-Mutual & Non-Engineering Profile
,1347241576871948289,False,Unknown,N/A,False,UNFOLLOW_IRRELEVANT,Non-Mutual & Non-Engineering Profile
,27860702,False,Unknown,N/A,False,UNFOLLOW_IRRELEVANT,Non-Mutual & Non-Engineering Profile
,2072284891278876672,False,Unknown,N/A,False,UNFOLLOW_IRRELEVANT,Non-Mutual & Non-Engineering Profile
,1284486237089419265,False,Unknown,N/A,False,UNFOLLOW_IRRELEVANT,Non-Mutual & Non-Engineering Profile
,1492632416011399169,False,Unknown,N/A,False,UNFOLLOW_IRRELEVANT,Non-Mutual & Non-Engineering Profile
,1728198670732918784,False,Unknown,N/A,False,UNFOLLOW_IRRELEVANT,Non-Mutual & Non-Engineering Profile
,1540038673810350080,False,Unknown,N/A,False,UNFOLLOW_IRRELEVANT,Non-Mutual & Non-Engineering Profile
,895332160130891776,False,Unknown,N/A,False,UNFOLLOW_IRRELEVANT,Non-Mutual & Non-Engineering Profile
,243013409,False,Unknown,N/A,False,UNFOLLOW_IRRELEVANT,Non-Mutual & Non-Engineering Profile
,129009730,False,Unknown,N/A,False,UNFOLLOW_IRRELEVANT,Non-Mutual & Non-Engineering Profile
,771109000322637825,False,Unknown,N/A,False,UNFOLLOW_IRRELEVANT,Non-Mutual & Non-Engineering Profile
,323195952,False,Unknown,N/A,False,UNFOLLOW_IRRELEVANT,Non-Mutual & Non-Engineering Profile
,1051795722,False,Unknown,N/A,False,UNFOLLOW_IRRELEVANT,Non-Mutual & Non-Engineering Profile
,1463717273705672704,False,Unknown,N/A,False,UNFOLLOW_IRRELEVANT,Non-Mutual & Non-Engineering Profile
,1693135286731980801,False,Unknown,N/A,False,UNFOLLOW_IRRELEVANT,Non-Mutual & Non-Engineering Profile
,1644034132232552449,False,Unknown,N/A,False,UNFOLLOW_IRRELEVANT,Non-Mutual & Non-Engineering Profile
,1601257700347858944,False,Unknown,N/A,False,UNFOLLOW_IRRELEVANT,Non-Mutual & Non-Engineering Profile
,1393928952046030859,False,Unknown,N/A,False,UNFOLLOW_IRRELEVANT,Non-Mutual & Non-Engineering Profile
,33836629,False,Unknown,N/A,False,UNFOLLOW_IRRELEVANT,Non-Mutual & Non-Engineering Profile
,1618076859421401088,False,Unknown,N/A,False,UNFOLLOW_IRRELEVANT,Non-Mutual & Non-Engineering Profile
,2010506024013516800,False,Unknown,N/A,False,UNFOLLOW_IRRELEVANT,Non-Mutual & Non-Engineering Profile
,1832396413113638912,False,Unknown,N/A,False,UNFOLLOW_IRRELEVANT,Non-Mutual & Non-Engineering Profile
,43889466,False,Unknown,N/A,False,UNFOLLOW_IRRELEVANT,Non-Mutual & Non-Engineering Profile
,3895214232,False,Unknown,N/A,False,UNFOLLOW_IRRELEVANT,Non-Mutual & Non-Engineering Profile
,1788676009161580545,False,Unknown,N/A,False,UNFOLLOW_IRRELEVANT,Non-Mutual & Non-Engineering Profile
,1707267466924081152,False,Unknown,N/A,False,UNFOLLOW_IRRELEVANT,Non-Mutual & Non-Engineering Profile
,1717499795139354624,False,Unknown,N/A,False,UNFOLLOW_IRRELEVANT,Non-Mutual & Non-Engineering Profile
,1735730804188164097,False,Unknown,N/A,False,UNFOLLOW_IRRELEVANT,Non-Mutual & Non-Engineering Profile
,886658102141079552,False,Unknown,N/A,False,UNFOLLOW_IRRELEVANT,Non-Mutual & Non-Engineering Profile
,1837804370228137985,False,Unknown,N/A,False,UNFOLLOW_IRRELEVANT,Non-Mutual & Non-Engineering Profile
,1325048953663086594,False,Unknown,N/A,False,UNFOLLOW_IRRELEVANT,Non-Mutual & Non-Engineering Profile
,1397128127017586690,False,Unknown,N/A,False,UNFOLLOW_IRRELEVANT,Non-Mutual & Non-Engineering Profile
,1294318189388509184,False,Unknown,N/A,False,UNFOLLOW_IRRELEVANT,Non-Mutual & Non-Engineering Profile
,1857836276667334656,False,Unknown,N/A,False,UNFOLLOW_IRRELEVANT,Non-Mutual & Non-Engineering Profile
,226428094,False,Unknown,N/A,False,UNFOLLOW_IRRELEVANT,Non-Mutual & Non-Engineering Profile
,1269495723055341568,False,Unknown,N/A,False,UNFOLLOW_IRRELEVANT,Non-Mutual & Non-Engineering Profile
,1865172196693344256,False,Unknown,N/A,False,UNFOLLOW_IRRELEVANT,Non-Mutual & Non-Engineering Profile
,1518284153661186048,False,Unknown,N/A,False,UNFOLLOW_IRRELEVANT,Non-Mutual & Non-Engineering Profile
,1088596340,False,Unknown,N/A,False,UNFOLLOW_IRRELEVANT,Non-Mutual & Non-Engineering Profile
,1574095209838919681,False,Unknown,N/A,False,UNFOLLOW_IRRELEVANT,Non-Mutual & Non-Engineering Profile
,1377913524526190592,False,Unknown,N/A,False,UNFOLLOW_IRRELEVANT,Non-Mutual & Non-Engineering Profile
,1656310992098283520,False,Unknown,N/A,False,UNFOLLOW_IRRELEVANT,Non-Mutual & Non-Engineering Profile
,4105547489,False,Unknown,N/A,False,UNFOLLOW_IRRELEVANT,Non-Mutual & Non-Engineering Profile
,869530262161567744,False,Unknown,N/A,False,UNFOLLOW_IRRELEVANT,Non-Mutual & Non-Engineering Profile
,1395663964369952768,False,Unknown,N/A,False,UNFOLLOW_IRRELEVANT,Non-Mutual & Non-Engineering Profile
,1479118183797645317,False,Unknown,N/A,False,UNFOLLOW_IRRELEVANT,Non-Mutual & Non-Engineering Profile
,1637484407706533890,False,Unknown,N/A,False,UNFOLLOW_IRRELEVANT,Non-Mutual & Non-Engineering Profile
,36538310,False,Unknown,N/A,False,UNFOLLOW_IRRELEVANT,Non-Mutual & Non-Engineering Profile
,1615515765091831809,False,Unknown,N/A,False,UNFOLLOW_IRRELEVANT,Non-Mutual & Non-Engineering Profile
,2038200516681895936,False,Unknown,N/A,False,UNFOLLOW_IRRELEVANT,Non-Mutual & Non-Engineering Profile
,1565312562652221442,False,Unknown,N/A,False,UNFOLLOW_IRRELEVANT,Non-Mutual & Non-Engineering Profile
,1360265495363145730,False,Unknown,N/A,False,UNFOLLOW_IRRELEVANT,Non-Mutual & Non-Engineering Profile
,1752157729840353280,False,Unknown,N/A,False,UNFOLLOW_IRRELEVANT,Non-Mutual & Non-Engineering Profile
,1689916506157760512,False,Unknown,N/A,False,UNFOLLOW_IRRELEVANT,Non-Mutual & Non-Engineering Profile
,1994373276588802048,False,Unknown,N/A,False,UNFOLLOW_IRRELEVANT,Non-Mutual & Non-Engineering Profile
,1801350948893114368,False,Unknown,N/A,False,UNFOLLOW_IRRELEVANT,Non-Mutual & Non-Engineering Profile
,1361980184182800386,False,Unknown,N/A,False,UNFOLLOW_IRRELEVANT,Non-Mutual & Non-Engineering Profile
,1241805370097569792,False,Unknown,N/A,False,UNFOLLOW_IRRELEVANT,Non-Mutual & Non-Engineering Profile
,1525254558414516230,False,Unknown,N/A,False,UNFOLLOW_IRRELEVANT,Non-Mutual & Non-Engineering Profile
,1958091993428676608,False,Unknown,N/A,False,UNFOLLOW_IRRELEVANT,Non-Mutual & Non-Engineering Profile
,1803254686541131776,False,Unknown,N/A,False,UNFOLLOW_IRRELEVANT,Non-Mutual & Non-Engineering Profile
,1625157226402045957,False,Unknown,N/A,False,UNFOLLOW_IRRELEVANT,Non-Mutual & Non-Engineering Profile
,1478975820051980290,False,Unknown,N/A,False,UNFOLLOW_IRRELEVANT,Non-Mutual & Non-Engineering Profile
,1249910101,False,Unknown,N/A,False,UNFOLLOW_IRRELEVANT,Non-Mutual & Non-Engineering Profile
,1915175688987873280,False,Unknown,N/A,False,UNFOLLOW_IRRELEVANT,Non-Mutual & Non-Engineering Profile
,1501382981042200579,False,Unknown,N/A,False,UNFOLLOW_IRRELEVANT,Non-Mutual & Non-Engineering Profile
,1173783415134588928,False,Unknown,N/A,False,UNFOLLOW_IRRELEVANT,Non-Mutual & Non-Engineering Profile
,1830221366626263042,False,Unknown,N/A,False,UNFOLLOW_IRRELEVANT,Non-Mutual & Non-Engineering Profile
,2026975191360741376,False,Unknown,N/A,False,UNFOLLOW_IRRELEVANT,Non-Mutual & Non-Engineering Profile
,1393880743697391616,False,Unknown,N/A,False,UNFOLLOW_IRRELEVANT,Non-Mutual & Non-Engineering Profile
,20571756,False,Unknown,N/A,False,UNFOLLOW_IRRELEVANT,Non-Mutual & Non-Engineering Profile
,61559439,False,Unknown,N/A,False,UNFOLLOW_IRRELEVANT,Non-Mutual & Non-Engineering Profile
,2045927619284140034,False,Unknown,N/A,False,UNFOLLOW_IRRELEVANT,Non-Mutual & Non-Engineering Profile
,1586975858971090944,False,Unknown,N/A,False,UNFOLLOW_IRRELEVANT,Non-Mutual & Non-Engineering Profile
,1854995262814429184,False,Unknown,N/A,False,UNFOLLOW_IRRELEVANT,Non-Mutual & Non-Engineering Profile
,1378758749322670084,False,Unknown,N/A,False,UNFOLLOW_IRRELEVANT,Non-Mutual & Non-Engineering Profile
,904679247402422274,False,Unknown,N/A,False,UNFOLLOW_IRRELEVANT,Non-Mutual & Non-Engineering Profile
,1689301391326474245,False,Unknown,N/A,False,UNFOLLOW_IRRELEVANT,Non-Mutual & Non-Engineering Profile
,1286619958852624384,False,Unknown,N/A,False,UNFOLLOW_IRRELEVANT,Non-Mutual & Non-Engineering Profile
,1425358123498459141,False,Unknown,N/A,False,UNFOLLOW_IRRELEVANT,Non-Mutual & Non-Engineering Profile
,1741767058231046144,False,Unknown,N/A,False,UNFOLLOW_IRRELEVANT,Non-Mutual & Non-Engineering Profile
,1602401945808953345,False,Unknown,N/A,False,UNFOLLOW_IRRELEVANT,Non-Mutual & Non-Engineering Profile
,1706820728308355072,False,Unknown,N/A,False,UNFOLLOW_IRRELEVANT,Non-Mutual & Non-Engineering Profile
,1776150663174443008,False,Unknown,N/A,False,UNFOLLOW_IRRELEVANT,Non-Mutual & Non-Engineering Profile
,2762818235,False,Unknown,N/A,False,UNFOLLOW_IRRELEVANT,Non-Mutual & Non-Engineering Profile
,1244610576334102528,False,Unknown,N/A,False,UNFOLLOW_IRRELEVANT,Non-Mutual & Non-Engineering Profile
,1747023555265531904,False,Unknown,N/A,False,UNFOLLOW_IRRELEVANT,Non-Mutual & Non-Engineering Profile
,1452584423870844929,False,Unknown,N/A,False,UNFOLLOW_IRRELEVANT,Non-Mutual & Non-Engineering Profile
,1382227224347217922,False,Unknown,N/A,False,UNFOLLOW_IRRELEVANT,Non-Mutual & Non-Engineering Profile
,819860666,False,Unknown,N/A,False,UNFOLLOW_IRRELEVANT,Non-Mutual & Non-Engineering Profile
,1666893299007864834,False,Unknown,N/A,False,UNFOLLOW_IRRELEVANT,Non-Mutual & Non-Engineering Profile
,1767661711585095681,False,Unknown,N/A,False,UNFOLLOW_IRRELEVANT,Non-Mutual & Non-Engineering Profile
,1906330326420303872,False,Unknown,N/A,False,UNFOLLOW_IRRELEVANT,Non-Mutual & Non-Engineering Profile
,1165587609818734592,False,Unknown,N/A,False,UNFOLLOW_IRRELEVANT,Non-Mutual & Non-Engineering Profile
,1584805551342604289,False,Unknown,N/A,False,UNFOLLOW_IRRELEVANT,Non-Mutual & Non-Engineering Profile
,1584255579463245826,False,Unknown,N/A,False,UNFOLLOW_IRRELEVANT,Non-Mutual & Non-Engineering Profile
,1500787418349375490,False,Unknown,N/A,False,UNFOLLOW_IRRELEVANT,Non-Mutual & Non-Engineering Profile
,1474280956118851584,False,Unknown,N/A,False,UNFOLLOW_IRRELEVANT,Non-Mutual & Non-Engineering Profile
,1124587349596307456,False,Unknown,N/A,False,UNFOLLOW_IRRELEVANT,Non-Mutual & Non-Engineering Profile
,169686021,False,Unknown,N/A,False,UNFOLLOW_IRRELEVANT,Non-Mutual & Non-Engineering Profile
,1940029944307798016,False,Unknown,N/A,False,UNFOLLOW_IRRELEVANT,Non-Mutual & Non-Engineering Profile
,910831419416567808,False,Unknown,N/A,False,UNFOLLOW_IRRELEVANT,Non-Mutual & Non-Engineering Profile
,1608459779239706627,False,Unknown,N/A,False,UNFOLLOW_IRRELEVANT,Non-Mutual & Non-Engineering Profile
,1730354815811612672,False,Unknown,N/A,False,UNFOLLOW_IRRELEVANT,Non-Mutual & Non-Engineering Profile
,1344844566260756480,False,Unknown,N/A,False,UNFOLLOW_IRRELEVANT,Non-Mutual & Non-Engineering Profile
,1884984811640479744,False,Unknown,N/A,False,UNFOLLOW_IRRELEVANT,Non-Mutual & Non-Engineering Profile
,3511599556,False,Unknown,N/A,False,UNFOLLOW_IRRELEVANT,Non-Mutual & Non-Engineering Profile
,18839785,False,Unknown,N/A,False,UNFOLLOW_IRRELEVANT,Non-Mutual & Non-Engineering Profile
,1630540491425972224,False,Unknown,N/A,False,UNFOLLOW_IRRELEVANT,Non-Mutual & Non-Engineering Profile
,1822345936472801280,False,Unknown,N/A,False,UNFOLLOW_IRRELEVANT,Non-Mutual & Non-Engineering Profile
,1427565012,False,Unknown,N/A,False,UNFOLLOW_IRRELEVANT,Non-Mutual & Non-Engineering Profile
,793789790,False,Unknown,N/A,False,UNFOLLOW_IRRELEVANT,Non-Mutual & Non-Engineering Profile
,1071484733543079936,False,Unknown,N/A,False,UNFOLLOW_IRRELEVANT,Non-Mutual & Non-Engineering Profile
,2964950313,False,Unknown,N/A,False,UNFOLLOW_IRRELEVANT,Non-Mutual & Non-Engineering Profile
,1381545950,False,Unknown,N/A,False,UNFOLLOW_IRRELEVANT,Non-Mutual & Non-Engineering Profile
,17409452,False,Unknown,N/A,False,UNFOLLOW_IRRELEVANT,Non-Mutual & Non-Engineering Profile
,1346415151,False,Unknown,N/A,False,UNFOLLOW_IRRELEVANT,Non-Mutual & Non-Engineering Profile
,125346858,False,Unknown,N/A,False,UNFOLLOW_IRRELEVANT,Non-Mutual & Non-Engineering Profile
,1698602749615624192,False,Unknown,N/A,False,UNFOLLOW_IRRELEVANT,Non-Mutual & Non-Engineering Profile
,1502721947419004929,False,Unknown,N/A,False,UNFOLLOW_IRRELEVANT,Non-Mutual & Non-Engineering Profile
,1862582574436036608,False,Unknown,N/A,False,UNFOLLOW_IRRELEVANT,Non-Mutual & Non-Engineering Profile
,2060090154056916993,False,Unknown,N/A,False,UNFOLLOW_IRRELEVANT,Non-Mutual & Non-Engineering Profile
,1684123808825851904,False,Unknown,N/A,False,UNFOLLOW_IRRELEVANT,Non-Mutual & Non-Engineering Profile
,1923013458,False,Unknown,N/A,False,UNFOLLOW_IRRELEVANT,Non-Mutual & Non-Engineering Profile
,1587355029807431680,False,Unknown,N/A,False,UNFOLLOW_IRRELEVANT,Non-Mutual & Non-Engineering Profile
,1377342958614249480,False,Unknown,N/A,False,UNFOLLOW_IRRELEVANT,Non-Mutual & Non-Engineering Profile
,1609899693974196224,False,Unknown,N/A,False,UNFOLLOW_IRRELEVANT,Non-Mutual & Non-Engineering Profile
,1956621635471159296,False,Unknown,N/A,False,UNFOLLOW_IRRELEVANT,Non-Mutual & Non-Engineering Profile
,1825715512031969280,False,Unknown,N/A,False,UNFOLLOW_IRRELEVANT,Non-Mutual & Non-Engineering Profile
,1777624651901939712,False,Unknown,N/A,False,UNFOLLOW_IRRELEVANT,Non-Mutual & Non-Engineering Profile
,1850690124671004672,False,Unknown,N/A,False,UNFOLLOW_IRRELEVANT,Non-Mutual & Non-Engineering Profile
,1748051286958768128,False,Unknown,N/A,False,UNFOLLOW_IRRELEVANT,Non-Mutual & Non-Engineering Profile
,1945576945120677888,False,Unknown,N/A,False,UNFOLLOW_IRRELEVANT,Non-Mutual & Non-Engineering Profile
,1754721356871065600,False,Unknown,N/A,False,UNFOLLOW_IRRELEVANT,Non-Mutual & Non-Engineering Profile
,2009463598700179456,False,Unknown,N/A,False,UNFOLLOW_IRRELEVANT,Non-Mutual & Non-Engineering Profile
,2153468676,False,Unknown,N/A,False,UNFOLLOW_IRRELEVANT,Non-Mutual & Non-Engineering Profile
,1993352563933282304,False,Unknown,N/A,False,UNFOLLOW_IRRELEVANT,Non-Mutual & Non-Engineering Profile
,1919725996657242112,False,Unknown,N/A,False,UNFOLLOW_IRRELEVANT,Non-Mutual & Non-Engineering Profile
,1094542527322050560,False,Unknown,N/A,False,UNFOLLOW_IRRELEVANT,Non-Mutual & Non-Engineering Profile
,1847857583433904128,False,Unknown,N/A,False,UNFOLLOW_IRRELEVANT,Non-Mutual & Non-Engineering Profile
,2034015230389579777,False,Unknown,N/A,False,UNFOLLOW_IRRELEVANT,Non-Mutual & Non-Engineering Profile
,1789682480724725760,False,Unknown,N/A,False,UNFOLLOW_IRRELEVANT,Non-Mutual & Non-Engineering Profile
,37959591,False,Unknown,N/A,False,UNFOLLOW_IRRELEVANT,Non-Mutual & Non-Engineering Profile
,2045922582839345152,False,Unknown,N/A,False,UNFOLLOW_IRRELEVANT,Non-Mutual & Non-Engineering Profile
,1487416877404106755,False,Unknown,N/A,False,UNFOLLOW_IRRELEVANT,Non-Mutual & Non-Engineering Profile
,469774093,False,Unknown,N/A,False,UNFOLLOW_IRRELEVANT,Non-Mutual & Non-Engineering Profile
,483667737,False,Unknown,N/A,False,UNFOLLOW_IRRELEVANT,Non-Mutual & Non-Engineering Profile
,1478392249675300868,False,Unknown,N/A,False,UNFOLLOW_IRRELEVANT,Non-Mutual & Non-Engineering Profile
,1784071690638467072,False,Unknown,N/A,False,UNFOLLOW_IRRELEVANT,Non-Mutual & Non-Engineering Profile
,2034920778890969088,False,Unknown,N/A,False,UNFOLLOW_IRRELEVANT,Non-Mutual & Non-Engineering Profile
,2049286932962668544,False,Unknown,N/A,False,UNFOLLOW_IRRELEVANT,Non-Mutual & Non-Engineering Profile
,1262880841769684992,False,Unknown,N/A,False,UNFOLLOW_IRRELEVANT,Non-Mutual & Non-Engineering Profile
,1602443956888817665,False,Unknown,N/A,False,UNFOLLOW_IRRELEVANT,Non-Mutual & Non-Engineering Profile
,33468671,False,Unknown,N/A,False,UNFOLLOW_IRRELEVANT,Non-Mutual & Non-Engineering Profile
,1619410584130433024,False,Unknown,N/A,False,UNFOLLOW_IRRELEVANT,Non-Mutual & Non-Engineering Profile
,1933932995528044544,False,Unknown,N/A,False,UNFOLLOW_IRRELEVANT,Non-Mutual & Non-Engineering Profile
,19802879,False,Unknown,N/A,False,UNFOLLOW_IRRELEVANT,Non-Mutual & Non-Engineering Profile
,1655441288290811907,False,Unknown,N/A,False,UNFOLLOW_IRRELEVANT,Non-Mutual & Non-Engineering Profile
,1957245740427726848,False,Unknown,N/A,False,UNFOLLOW_IRRELEVANT,Non-Mutual & Non-Engineering Profile
,1122980261946257408,False,Unknown,N/A,False,UNFOLLOW_IRRELEVANT,Non-Mutual & Non-Engineering Profile
,1848302776125640704,False,Unknown,N/A,False,UNFOLLOW_IRRELEVANT,Non-Mutual & Non-Engineering Profile
,1366895198417145871,False,Unknown,N/A,False,UNFOLLOW_IRRELEVANT,Non-Mutual & Non-Engineering Profile
,1396586519067045896,False,Unknown,N/A,False,UNFOLLOW_IRRELEVANT,Non-Mutual & Non-Engineering Profile
,1429544976116027393,False,Unknown,N/A,False,UNFOLLOW_IRRELEVANT,Non-Mutual & Non-Engineering Profile
,2257546388,False,Unknown,N/A,False,UNFOLLOW_IRRELEVANT,Non-Mutual & Non-Engineering Profile
,1877695845576978432,False,Unknown,N/A,False,UNFOLLOW_IRRELEVANT,Non-Mutual & Non-Engineering Profile
,163071725,False,Unknown,N/A,False,UNFOLLOW_IRRELEVANT,Non-Mutual & Non-Engineering Profile
,1555365246650531842,False,Unknown,N/A,False,UNFOLLOW_IRRELEVANT,Non-Mutual & Non-Engineering Profile
,4126942288,False,Unknown,N/A,False,UNFOLLOW_IRRELEVANT,Non-Mutual & Non-Engineering Profile
,2980882985,False,Unknown,N/A,False,UNFOLLOW_IRRELEVANT,Non-Mutual & Non-Engineering Profile
,1656371159922016256,False,Unknown,N/A,False,UNFOLLOW_IRRELEVANT,Non-Mutual & Non-Engineering Profile
,852577270065659904,False,Unknown,N/A,False,UNFOLLOW_IRRELEVANT,Non-Mutual & Non-Engineering Profile
,1326180756310331399,False,Unknown,N/A,False,UNFOLLOW_IRRELEVANT,Non-Mutual & Non-Engineering Profile
,1576919688394809344,False,Unknown,N/A,False,UNFOLLOW_IRRELEVANT,Non-Mutual & Non-Engineering Profile
,219213283,False,Unknown,N/A,False,UNFOLLOW_IRRELEVANT,Non-Mutual & Non-Engineering Profile
,1708932499240607744,False,Unknown,N/A,False,UNFOLLOW_IRRELEVANT,Non-Mutual & Non-Engineering Profile
,1535276673490632704,False,Unknown,N/A,False,UNFOLLOW_IRRELEVANT,Non-Mutual & Non-Engineering Profile
,1261070534357311488,False,Unknown,N/A,False,UNFOLLOW_IRRELEVANT,Non-Mutual & Non-Engineering Profile
,1943395376381194240,False,Unknown,N/A,False,UNFOLLOW_IRRELEVANT,Non-Mutual & Non-Engineering Profile
,2894887317,False,Unknown,N/A,False,UNFOLLOW_IRRELEVANT,Non-Mutual & Non-Engineering Profile
,1939897966367506432,False,Unknown,N/A,False,UNFOLLOW_IRRELEVANT,Non-Mutual & Non-Engineering Profile
,1685683594780659712,False,Unknown,N/A,False,UNFOLLOW_IRRELEVANT,Non-Mutual & Non-Engineering Profile
,885753286241927168,False,Unknown,N/A,False,UNFOLLOW_IRRELEVANT,Non-Mutual & Non-Engineering Profile
,757892298382446592,False,Unknown,N/A,False,UNFOLLOW_IRRELEVANT,Non-Mutual & Non-Engineering Profile
,1801989393319657472,False,Unknown,N/A,False,UNFOLLOW_IRRELEVANT,Non-Mutual & Non-Engineering Profile
,1909563312171343872,False,Unknown,N/A,False,UNFOLLOW_IRRELEVANT,Non-Mutual & Non-Engineering Profile
,1340645562484449280,False,Unknown,N/A,False,UNFOLLOW_IRRELEVANT,Non-Mutual & Non-Engineering Profile
,2013014872070488065,False,Unknown,N/A,False,UNFOLLOW_IRRELEVANT,Non-Mutual & Non-Engineering Profile
,1685980896157892608,False,Unknown,N/A,False,UNFOLLOW_IRRELEVANT,Non-Mutual & Non-Engineering Profile
,1811095667160535043,False,Unknown,N/A,False,UNFOLLOW_IRRELEVANT,Non-Mutual & Non-Engineering Profile
,1299205268534734854,False,Unknown,N/A,False,UNFOLLOW_IRRELEVANT,Non-Mutual & Non-Engineering Profile
,1537865490504163328,False,Unknown,N/A,False,UNFOLLOW_IRRELEVANT,Non-Mutual & Non-Engineering Profile
,1936364436991729664,False,Unknown,N/A,False,UNFOLLOW_IRRELEVANT,Non-Mutual & Non-Engineering Profile
,20736511,False,Unknown,N/A,False,UNFOLLOW_IRRELEVANT,Non-Mutual & Non-Engineering Profile
,1604903391494344732,False,Unknown,N/A,False,UNFOLLOW_IRRELEVANT,Non-Mutual & Non-Engineering Profile
,1654195958643675146,False,Unknown,N/A,False,UNFOLLOW_IRRELEVANT,Non-Mutual & Non-Engineering Profile
,1173552893003255808,False,Unknown,N/A,False,UNFOLLOW_IRRELEVANT,Non-Mutual & Non-Engineering Profile
,1387779928507273226,False,Unknown,N/A,False,UNFOLLOW_IRRELEVANT,Non-Mutual & Non-Engineering Profile
,846291844048793600,False,Unknown,N/A,False,UNFOLLOW_IRRELEVANT,Non-Mutual & Non-Engineering Profile
,1517604477959876610,False,Unknown,N/A,False,UNFOLLOW_IRRELEVANT,Non-Mutual & Non-Engineering Profile
,415066986,False,Unknown,N/A,False,UNFOLLOW_IRRELEVANT,Non-Mutual & Non-Engineering Profile
,1991564299652022272,False,Unknown,N/A,False,UNFOLLOW_IRRELEVANT,Non-Mutual & Non-Engineering Profile
,2029968705376133120,False,Unknown,N/A,False,UNFOLLOW_IRRELEVANT,Non-Mutual & Non-Engineering Profile
,1904463109571416064,False,Unknown,N/A,False,UNFOLLOW_IRRELEVANT,Non-Mutual & Non-Engineering Profile
,1480927857631272972,False,Unknown,N/A,False,UNFOLLOW_IRRELEVANT,Non-Mutual & Non-Engineering Profile
,1050779471731707904,False,Unknown,N/A,False,UNFOLLOW_IRRELEVANT,Non-Mutual & Non-Engineering Profile
,1268537191053000710,False,Unknown,N/A,False,UNFOLLOW_IRRELEVANT,Non-Mutual & Non-Engineering Profile
,1691903970619658240,False,Unknown,N/A,False,UNFOLLOW_IRRELEVANT,Non-Mutual & Non-Engineering Profile
,867528344,False,Unknown,N/A,False,UNFOLLOW_IRRELEVANT,Non-Mutual & Non-Engineering Profile
,1786603478359654400,False,Unknown,N/A,False,UNFOLLOW_IRRELEVANT,Non-Mutual & Non-Engineering Profile
,845394730418626561,False,Unknown,N/A,False,UNFOLLOW_IRRELEVANT,Non-Mutual & Non-Engineering Profile
,11348282,False,Unknown,N/A,False,UNFOLLOW_IRRELEVANT,Non-Mutual & Non-Engineering Profile
,1694212702862974977,False,Unknown,N/A,False,UNFOLLOW_IRRELEVANT,Non-Mutual & Non-Engineering Profile
,1503252758895685633,False,Unknown,N/A,False,UNFOLLOW_IRRELEVANT,Non-Mutual & Non-Engineering Profile
,1801491532790235136,False,Unknown,N/A,False,UNFOLLOW_IRRELEVANT,Non-Mutual & Non-Engineering Profile
,490868308,False,Unknown,N/A,False,UNFOLLOW_IRRELEVANT,Non-Mutual & Non-Engineering Profile
,2828212668,False,Unknown,N/A,False,UNFOLLOW_IRRELEVANT,Non-Mutual & Non-Engineering Profile
,876836424036659200,False,Unknown,N/A,False,UNFOLLOW_IRRELEVANT,Non-Mutual & Non-Engineering Profile
,14254408,False,Unknown,N/A,False,UNFOLLOW_IRRELEVANT,Non-Mutual & Non-Engineering Profile
,2693229229,False,Unknown,N/A,False,UNFOLLOW_IRRELEVANT,Non-Mutual & Non-Engineering Profile
,1404933141542866946,False,Unknown,N/A,False,UNFOLLOW_IRRELEVANT,Non-Mutual & Non-Engineering Profile
,1992874392163127298,False,Unknown,N/A,False,UNFOLLOW_IRRELEVANT,Non-Mutual & Non-Engineering Profile
,1211851854071484416,False,Unknown,N/A,False,UNFOLLOW_IRRELEVANT,Non-Mutual & Non-Engineering Profile
,1185303145,False,Unknown,N/A,False,UNFOLLOW_IRRELEVANT,Non-Mutual & Non-Engineering Profile
,64643056,False,Unknown,N/A,False,UNFOLLOW_IRRELEVANT,Non-Mutual & Non-Engineering Profile
,1382504617783726086,False,Unknown,N/A,False,UNFOLLOW_IRRELEVANT,Non-Mutual & Non-Engineering Profile
,1586468304209575936,False,Unknown,N/A,False,UNFOLLOW_IRRELEVANT,Non-Mutual & Non-Engineering Profile
,1768231623982485504,False,Unknown,N/A,False,UNFOLLOW_IRRELEVANT,Non-Mutual & Non-Engineering Profile
,1663232713560670235,False,Unknown,N/A,False,UNFOLLOW_IRRELEVANT,Non-Mutual & Non-Engineering Profile
,1976266476853059584,False,Unknown,N/A,False,UNFOLLOW_IRRELEVANT,Non-Mutual & Non-Engineering Profile
,1686507303472705537,False,Unknown,N/A,False,UNFOLLOW_IRRELEVANT,Non-Mutual & Non-Engineering Profile
,1795000873510166528,False,Unknown,N/A,False,UNFOLLOW_IRRELEVANT,Non-Mutual & Non-Engineering Profile
,1980182911136808960,False,Unknown,N/A,False,UNFOLLOW_IRRELEVANT,Non-Mutual & Non-Engineering Profile
,1288485038,False,Unknown,N/A,False,UNFOLLOW_IRRELEVANT,Non-Mutual & Non-Engineering Profile
,1847687245504897024,False,Unknown,N/A,False,UNFOLLOW_IRRELEVANT,Non-Mutual & Non-Engineering Profile
,1601695985675255808,False,Unknown,N/A,False,UNFOLLOW_IRRELEVANT,Non-Mutual & Non-Engineering Profile
,1305535013035954177,False,Unknown,N/A,False,UNFOLLOW_IRRELEVANT,Non-Mutual & Non-Engineering Profile
,1541478309623730180,False,Unknown,N/A,False,UNFOLLOW_IRRELEVANT,Non-Mutual & Non-Engineering Profile
,1871499055014060032,False,Unknown,N/A,False,UNFOLLOW_IRRELEVANT,Non-Mutual & Non-Engineering Profile
,1764772387600379904,False,Unknown,N/A,False,UNFOLLOW_IRRELEVANT,Non-Mutual & Non-Engineering Profile
,1264130232878985216,False,Unknown,N/A,False,UNFOLLOW_IRRELEVANT,Non-Mutual & Non-Engineering Profile
,1580689387066724352,False,Unknown,N/A,False,UNFOLLOW_IRRELEVANT,Non-Mutual & Non-Engineering Profile
,1478706245905362946,False,Unknown,N/A,False,UNFOLLOW_IRRELEVANT,Non-Mutual & Non-Engineering Profile
,1336102658080436224,False,Unknown,N/A,False,UNFOLLOW_IRRELEVANT,Non-Mutual & Non-Engineering Profile
,1223049343206416384,False,Unknown,N/A,False,UNFOLLOW_IRRELEVANT,Non-Mutual & Non-Engineering Profile
,2032487431417810944,False,Unknown,N/A,False,UNFOLLOW_IRRELEVANT,Non-Mutual & Non-Engineering Profile
,1479839871514599424,False,Unknown,N/A,False,UNFOLLOW_IRRELEVANT,Non-Mutual & Non-Engineering Profile
,1675888265835040768,False,Unknown,N/A,False,UNFOLLOW_IRRELEVANT,Non-Mutual & Non-Engineering Profile
,1249863806131392513,False,Unknown,N/A,False,UNFOLLOW_IRRELEVANT,Non-Mutual & Non-Engineering Profile
,1115395026,False,Unknown,N/A,False,UNFOLLOW_IRRELEVANT,Non-Mutual & Non-Engineering Profile
,1844010061917749248,False,Unknown,N/A,False,UNFOLLOW_IRRELEVANT,Non-Mutual & Non-Engineering Profile
,1932932920051707904,False,Unknown,N/A,False,UNFOLLOW_IRRELEVANT,Non-Mutual & Non-Engineering Profile
,1668100142,False,Unknown,N/A,False,UNFOLLOW_IRRELEVANT,Non-Mutual & Non-Engineering Profile
,1922386764,False,Unknown,N/A,False,UNFOLLOW_IRRELEVANT,Non-Mutual & Non-Engineering Profile
,308800426,False,Unknown,N/A,False,UNFOLLOW_IRRELEVANT,Non-Mutual & Non-Engineering Profile
,3179710631,False,Unknown,N/A,False,UNFOLLOW_IRRELEVANT,Non-Mutual & Non-Engineering Profile
,3764301,False,Unknown,N/A,False,UNFOLLOW_IRRELEVANT,Non-Mutual & Non-Engineering Profile
,1463423174947659786,False,Unknown,N/A,False,UNFOLLOW_IRRELEVANT,Non-Mutual & Non-Engineering Profile
,1535176835776102402,False,Unknown,N/A,False,UNFOLLOW_IRRELEVANT,Non-Mutual & Non-Engineering Profile
,1962678461178486788,False,Unknown,N/A,False,UNFOLLOW_IRRELEVANT,Non-Mutual & Non-Engineering Profile
,1609151414260867073,False,Unknown,N/A,False,UNFOLLOW_IRRELEVANT,Non-Mutual & Non-Engineering Profile
,1390762874809761793,False,Unknown,N/A,False,UNFOLLOW_IRRELEVANT,Non-Mutual & Non-Engineering Profile
,1685770686411747328,False,Unknown,N/A,False,UNFOLLOW_IRRELEVANT,Non-Mutual & Non-Engineering Profile
,15392486,False,Unknown,N/A,False,UNFOLLOW_IRRELEVANT,Non-Mutual & Non-Engineering Profile
,1269689138208477185,False,Unknown,N/A,False,UNFOLLOW_IRRELEVANT,Non-Mutual & Non-Engineering Profile
,1864914707636682752,False,Unknown,N/A,False,UNFOLLOW_IRRELEVANT,Non-Mutual & Non-Engineering Profile
,374712154,False,Unknown,N/A,False,UNFOLLOW_IRRELEVANT,Non-Mutual & Non-Engineering Profile
,46603670,False,Unknown,N/A,False,UNFOLLOW_IRRELEVANT,Non-Mutual & Non-Engineering Profile
,558987463,False,Unknown,N/A,False,UNFOLLOW_IRRELEVANT,Non-Mutual & Non-Engineering Profile
,1853743388,False,Unknown,N/A,False,UNFOLLOW_IRRELEVANT,Non-Mutual & Non-Engineering Profile
,2009357622580006922,False,Unknown,N/A,False,UNFOLLOW_IRRELEVANT,Non-Mutual & Non-Engineering Profile
,4783690002,False,Unknown,N/A,False,UNFOLLOW_IRRELEVANT,Non-Mutual & Non-Engineering Profile
,427089628,False,Unknown,N/A,False,UNFOLLOW_IRRELEVANT,Non-Mutual & Non-Engineering Profile
,2013384995000229890,False,Unknown,N/A,False,UNFOLLOW_IRRELEVANT,Non-Mutual & Non-Engineering Profile
,20745074,False,Unknown,N/A,False,UNFOLLOW_IRRELEVANT,Non-Mutual & Non-Engineering Profile
,1038072672083734528,False,Unknown,N/A,False,UNFOLLOW_IRRELEVANT,Non-Mutual & Non-Engineering Profile
,1436009312078508034,False,Unknown,N/A,False,UNFOLLOW_IRRELEVANT,Non-Mutual & Non-Engineering Profile
,1228391758087774208,False,Unknown,N/A,False,UNFOLLOW_IRRELEVANT,Non-Mutual & Non-Engineering Profile
,1245831967171624961,False,Unknown,N/A,False,UNFOLLOW_IRRELEVANT,Non-Mutual & Non-Engineering Profile
,1059871261092929537,False,Unknown,N/A,False,UNFOLLOW_IRRELEVANT,Non-Mutual & Non-Engineering Profile
,1790194251344855040,False,Unknown,N/A,False,UNFOLLOW_IRRELEVANT,Non-Mutual & Non-Engineering Profile
,1202462269918941185,False,Unknown,N/A,False,UNFOLLOW_IRRELEVANT,Non-Mutual & Non-Engineering Profile
,1665136574093205504,False,Unknown,N/A,False,UNFOLLOW_IRRELEVANT,Non-Mutual & Non-Engineering Profile
,926984278579216384,False,Unknown,N/A,False,UNFOLLOW_IRRELEVANT,Non-Mutual & Non-Engineering Profile
,1865780601887895553,False,Unknown,N/A,False,UNFOLLOW_IRRELEVANT,Non-Mutual & Non-Engineering Profile
,1106251493731168256,False,Unknown,N/A,False,UNFOLLOW_IRRELEVANT,Non-Mutual & Non-Engineering Profile
,1299904825723891712,False,Unknown,N/A,False,UNFOLLOW_IRRELEVANT,Non-Mutual & Non-Engineering Profile
,1505101486870732800,False,Unknown,N/A,False,UNFOLLOW_IRRELEVANT,Non-Mutual & Non-Engineering Profile
,1991393093913047043,False,Unknown,N/A,False,UNFOLLOW_IRRELEVANT,Non-Mutual & Non-Engineering Profile
,1645481522034614273,False,Unknown,N/A,False,UNFOLLOW_IRRELEVANT,Non-Mutual & Non-Engineering Profile
,1301633224976855040,False,Unknown,N/A,False,UNFOLLOW_IRRELEVANT,Non-Mutual & Non-Engineering Profile
,1325495992079278080,False,Unknown,N/A,False,UNFOLLOW_IRRELEVANT,Non-Mutual & Non-Engineering Profile
,1381566343216914442,False,Unknown,N/A,False,UNFOLLOW_IRRELEVANT,Non-Mutual & Non-Engineering Profile
,520770492,False,Unknown,N/A,False,UNFOLLOW_IRRELEVANT,Non-Mutual & Non-Engineering Profile
,3222018178,False,Unknown,N/A,False,UNFOLLOW_IRRELEVANT,Non-Mutual & Non-Engineering Profile
,1506721872083394568,False,Unknown,N/A,False,UNFOLLOW_IRRELEVANT,Non-Mutual & Non-Engineering Profile
,34743251,False,Unknown,N/A,False,UNFOLLOW_IRRELEVANT,Non-Mutual & Non-Engineering Profile
,1930247349357748224,False,Unknown,N/A,False,UNFOLLOW_IRRELEVANT,Non-Mutual & Non-Engineering Profile
,258748958,False,Unknown,N/A,False,UNFOLLOW_IRRELEVANT,Non-Mutual & Non-Engineering Profile
,1150336299863117824,False,Unknown,N/A,False,UNFOLLOW_IRRELEVANT,Non-Mutual & Non-Engineering Profile
,1269209727721975809,False,Unknown,N/A,False,UNFOLLOW_IRRELEVANT,Non-Mutual & Non-Engineering Profile
,1499498862331015170,False,Unknown,N/A,False,UNFOLLOW_IRRELEVANT,Non-Mutual & Non-Engineering Profile
,3272621479,False,Unknown,N/A,False,UNFOLLOW_IRRELEVANT,Non-Mutual & Non-Engineering Profile
,1299525842008240130,False,Unknown,N/A,False,UNFOLLOW_IRRELEVANT,Non-Mutual & Non-Engineering Profile
,907134826137788416,False,Unknown,N/A,False,UNFOLLOW_IRRELEVANT,Non-Mutual & Non-Engineering Profile
,1795874174059040769,False,Unknown,N/A,False,UNFOLLOW_IRRELEVANT,Non-Mutual & Non-Engineering Profile
,1280764646266462208,False,Unknown,N/A,False,UNFOLLOW_IRRELEVANT,Non-Mutual & Non-Engineering Profile
,1155898067339501569,False,Unknown,N/A,False,UNFOLLOW_IRRELEVANT,Non-Mutual & Non-Engineering Profile
,92597440,False,Unknown,N/A,False,UNFOLLOW_IRRELEVANT,Non-Mutual & Non-Engineering Profile
,1791771398802640896,False,Unknown,N/A,False,UNFOLLOW_IRRELEVANT,Non-Mutual & Non-Engineering Profile
,1951600108484575232,False,Unknown,N/A,False,UNFOLLOW_IRRELEVANT,Non-Mutual & Non-Engineering Profile
,1559747772907151360,False,Unknown,N/A,False,UNFOLLOW_IRRELEVANT,Non-Mutual & Non-Engineering Profile
,1800274924709236736,False,Unknown,N/A,False,UNFOLLOW_IRRELEVANT,Non-Mutual & Non-Engineering Profile
,2546037755,False,Unknown,N/A,False,UNFOLLOW_IRRELEVANT,Non-Mutual & Non-Engineering Profile
,1514622854356090883,False,Unknown,N/A,False,UNFOLLOW_IRRELEVANT,Non-Mutual & Non-Engineering Profile
,1080563323,False,Unknown,N/A,False,UNFOLLOW_IRRELEVANT,Non-Mutual & Non-Engineering Profile
,1798726244533706752,False,Unknown,N/A,False,UNFOLLOW_IRRELEVANT,Non-Mutual & Non-Engineering Profile
,1575090522691026944,False,Unknown,N/A,False,UNFOLLOW_IRRELEVANT,Non-Mutual & Non-Engineering Profile
,1683526993059430411,False,Unknown,N/A,False,UNFOLLOW_IRRELEVANT,Non-Mutual & Non-Engineering Profile
,1212783083272855552,False,Unknown,N/A,False,UNFOLLOW_IRRELEVANT,Non-Mutual & Non-Engineering Profile
,15460048,False,Unknown,N/A,False,UNFOLLOW_IRRELEVANT,Non-Mutual & Non-Engineering Profile
,1646549409617031169,False,Unknown,N/A,False,UNFOLLOW_IRRELEVANT,Non-Mutual & Non-Engineering Profile
,52740676,False,Unknown,N/A,False,UNFOLLOW_IRRELEVANT,Non-Mutual & Non-Engineering Profile
,896428531357544450,False,Unknown,N/A,False,UNFOLLOW_IRRELEVANT,Non-Mutual & Non-Engineering Profile
,1292363635042336773,False,Unknown,N/A,False,UNFOLLOW_IRRELEVANT,Non-Mutual & Non-Engineering Profile
,1716675085614919680,False,Unknown,N/A,False,UNFOLLOW_IRRELEVANT,Non-Mutual & Non-Engineering Profile
,1284784141901467648,False,Unknown,N/A,False,UNFOLLOW_IRRELEVANT,Non-Mutual & Non-Engineering Profile
,1521692586951413760,False,Unknown,N/A,False,UNFOLLOW_IRRELEVANT,Non-Mutual & Non-Engineering Profile
,1297651178256257024,False,Unknown,N/A,False,UNFOLLOW_IRRELEVANT,Non-Mutual & Non-Engineering Profile
,1417686048579018753,False,Unknown,N/A,False,UNFOLLOW_IRRELEVANT,Non-Mutual & Non-Engineering Profile
,831388350275796992,False,Unknown,N/A,False,UNFOLLOW_IRRELEVANT,Non-Mutual & Non-Engineering Profile
,1174382354107895808,False,Unknown,N/A,False,UNFOLLOW_IRRELEVANT,Non-Mutual & Non-Engineering Profile
,1861505938831937536,False,Unknown,N/A,False,UNFOLLOW_IRRELEVANT,Non-Mutual & Non-Engineering Profile
,1983909047645696002,False,Unknown,N/A,False,UNFOLLOW_IRRELEVANT,Non-Mutual & Non-Engineering Profile
,1919440319675842560,False,Unknown,N/A,False,UNFOLLOW_IRRELEVANT,Non-Mutual & Non-Engineering Profile
,1604474971,False,Unknown,N/A,False,UNFOLLOW_IRRELEVANT,Non-Mutual & Non-Engineering Profile
,1710427684176572416,False,Unknown,N/A,False,UNFOLLOW_IRRELEVANT,Non-Mutual & Non-Engineering Profile
,517473207,False,Unknown,N/A,False,UNFOLLOW_IRRELEVANT,Non-Mutual & Non-Engineering Profile
,1048374772005048320,False,Unknown,N/A,False,UNFOLLOW_IRRELEVANT,Non-Mutual & Non-Engineering Profile
,1498032293671325699,False,Unknown,N/A,False,UNFOLLOW_IRRELEVANT,Non-Mutual & Non-Engineering Profile
,1600251906613469194,False,Unknown,N/A,False,UNFOLLOW_IRRELEVANT,Non-Mutual & Non-Engineering Profile
,1844347975419772928,False,Unknown,N/A,False,UNFOLLOW_IRRELEVANT,Non-Mutual & Non-Engineering Profile
,1677711470799335424,False,Unknown,N/A,False,UNFOLLOW_IRRELEVANT,Non-Mutual & Non-Engineering Profile
,1682127524963426304,False,Unknown,N/A,False,UNFOLLOW_IRRELEVANT,Non-Mutual & Non-Engineering Profile
,74638555,False,Unknown,N/A,False,UNFOLLOW_IRRELEVANT,Non-Mutual & Non-Engineering Profile
,1713988427933466624,False,Unknown,N/A,False,UNFOLLOW_IRRELEVANT,Non-Mutual & Non-Engineering Profile
,1675693462560055296,False,Unknown,N/A,False,UNFOLLOW_IRRELEVANT,Non-Mutual & Non-Engineering Profile
,1946173947348713472,False,Unknown,N/A,False,UNFOLLOW_IRRELEVANT,Non-Mutual & Non-Engineering Profile
,1841342962237861888,False,Unknown,N/A,False,UNFOLLOW_IRRELEVANT,Non-Mutual & Non-Engineering Profile
,1751428510223384577,False,Unknown,N/A,False,UNFOLLOW_IRRELEVANT,Non-Mutual & Non-Engineering Profile
,1259637692247216128,False,Unknown,N/A,False,UNFOLLOW_IRRELEVANT,Non-Mutual & Non-Engineering Profile
,1451773004,False,Unknown,N/A,False,UNFOLLOW_IRRELEVANT,Non-Mutual & Non-Engineering Profile
,1923121567527014400,False,Unknown,N/A,False,UNFOLLOW_IRRELEVANT,Non-Mutual & Non-Engineering Profile
,2442888666,False,Unknown,N/A,False,UNFOLLOW_IRRELEVANT,Non-Mutual & Non-Engineering Profile
,1500129642,False,Unknown,N/A,False,UNFOLLOW_IRRELEVANT,Non-Mutual & Non-Engineering Profile
,1317236330905075712,False,Unknown,N/A,False,UNFOLLOW_IRRELEVANT,Non-Mutual & Non-Engineering Profile
,950456353,False,Unknown,N/A,False,UNFOLLOW_IRRELEVANT,Non-Mutual & Non-Engineering Profile
,2004550881384202240,False,Unknown,N/A,False,UNFOLLOW_IRRELEVANT,Non-Mutual & Non-Engineering Profile
,1642593118502502402,False,Unknown,N/A,False,UNFOLLOW_IRRELEVANT,Non-Mutual & Non-Engineering Profile
,1371781187119710209,False,Unknown,N/A,False,UNFOLLOW_IRRELEVANT,Non-Mutual & Non-Engineering Profile
,2000165515629928448,False,Unknown,N/A,False,UNFOLLOW_IRRELEVANT,Non-Mutual & Non-Engineering Profile
,1941771126088269825,False,Unknown,N/A,False,UNFOLLOW_IRRELEVANT,Non-Mutual & Non-Engineering Profile
,1622588070246641666,False,Unknown,N/A,False,UNFOLLOW_IRRELEVANT,Non-Mutual & Non-Engineering Profile
,1084296342845845504,False,Unknown,N/A,False,UNFOLLOW_IRRELEVANT,Non-Mutual & Non-Engineering Profile
,177101260,False,Unknown,N/A,False,UNFOLLOW_IRRELEVANT,Non-Mutual & Non-Engineering Profile
,1757461351629303808,False,Unknown,N/A,False,UNFOLLOW_IRRELEVANT,Non-Mutual & Non-Engineering Profile
,2327098700,False,Unknown,N/A,False,UNFOLLOW_IRRELEVANT,Non-Mutual & Non-Engineering Profile
,1220804151208284160,False,Unknown,N/A,False,UNFOLLOW_IRRELEVANT,Non-Mutual & Non-Engineering Profile
,1474745123288326144,False,Unknown,N/A,False,UNFOLLOW_IRRELEVANT,Non-Mutual & Non-Engineering Profile
,3260357396,False,Unknown,N/A,False,UNFOLLOW_IRRELEVANT,Non-Mutual & Non-Engineering Profile
,1886225013080014848,False,Unknown,N/A,False,UNFOLLOW_IRRELEVANT,Non-Mutual & Non-Engineering Profile
,1586923432968654848,False,Unknown,N/A,False,UNFOLLOW_IRRELEVANT,Non-Mutual & Non-Engineering Profile
,2015908956598599681,False,Unknown,N/A,False,UNFOLLOW_IRRELEVANT,Non-Mutual & Non-Engineering Profile
,1648945919432310785,False,Unknown,N/A,False,UNFOLLOW_IRRELEVANT,Non-Mutual & Non-Engineering Profile
,20608701,False,Unknown,N/A,False,UNFOLLOW_IRRELEVANT,Non-Mutual & Non-Engineering Profile
,1451784670992023557,False,Unknown,N/A,False,UNFOLLOW_IRRELEVANT,Non-Mutual & Non-Engineering Profile
,1465479250773958657,False,Unknown,N/A,False,UNFOLLOW_IRRELEVANT,Non-Mutual & Non-Engineering Profile
,1781477189298409472,False,Unknown,N/A,False,UNFOLLOW_IRRELEVANT,Non-Mutual & Non-Engineering Profile
,178846488,False,Unknown,N/A,False,UNFOLLOW_IRRELEVANT,Non-Mutual & Non-Engineering Profile
,37940402,False,Unknown,N/A,False,UNFOLLOW_IRRELEVANT,Non-Mutual & Non-Engineering Profile
,927445614962593792,False,Unknown,N/A,False,UNFOLLOW_IRRELEVANT,Non-Mutual & Non-Engineering Profile
,1930629109324890112,False,Unknown,N/A,False,UNFOLLOW_IRRELEVANT,Non-Mutual & Non-Engineering Profile
,44196397,False,Unknown,N/A,False,UNFOLLOW_IRRELEVANT,Non-Mutual & Non-Engineering Profile
,1608142452103471104,False,Unknown,N/A,False,UNFOLLOW_IRRELEVANT,Non-Mutual & Non-Engineering Profile
,1562038858988064768,False,Unknown,N/A,False,UNFOLLOW_IRRELEVANT,Non-Mutual & Non-Engineering Profile
,1579455680884391938,False,Unknown,N/A,False,UNFOLLOW_IRRELEVANT,Non-Mutual & Non-Engineering Profile
,187565329,False,Unknown,N/A,False,UNFOLLOW_IRRELEVANT,Non-Mutual & Non-Engineering Profile
,822825713615175680,False,Unknown,N/A,False,UNFOLLOW_IRRELEVANT,Non-Mutual & Non-Engineering Profile
,1481562004766744582,False,Unknown,N/A,False,UNFOLLOW_IRRELEVANT,Non-Mutual & Non-Engineering Profile
,13615722,False,Unknown,N/A,False,UNFOLLOW_IRRELEVANT,Non-Mutual & Non-Engineering Profile
,1648095110238728194,False,Unknown,N/A,False,UNFOLLOW_IRRELEVANT,Non-Mutual & Non-Engineering Profile
,191437499,False,Unknown,N/A,False,UNFOLLOW_IRRELEVANT,Non-Mutual & Non-Engineering Profile
,2934885317,False,Unknown,N/A,False,UNFOLLOW_IRRELEVANT,Non-Mutual & Non-Engineering Profile
,1198347660362747904,False,Unknown,N/A,False,UNFOLLOW_IRRELEVANT,Non-Mutual & Non-Engineering Profile
,844434316943904768,False,Unknown,N/A,False,UNFOLLOW_IRRELEVANT,Non-Mutual & Non-Engineering Profile
,1549477230870515713,False,Unknown,N/A,False,UNFOLLOW_IRRELEVANT,Non-Mutual & Non-Engineering Profile
,1016908862136332288,False,Unknown,N/A,False,UNFOLLOW_IRRELEVANT,Non-Mutual & Non-Engineering Profile
,1987779578245607424,False,Unknown,N/A,False,UNFOLLOW_IRRELEVANT,Non-Mutual & Non-Engineering Profile
,19028953,False,Unknown,N/A,False,UNFOLLOW_IRRELEVANT,Non-Mutual & Non-Engineering Profile
,1264992884316610562,False,Unknown,N/A,False,UNFOLLOW_IRRELEVANT,Non-Mutual & Non-Engineering Profile
,2598018877,False,Unknown,N/A,False,UNFOLLOW_IRRELEVANT,Non-Mutual & Non-Engineering Profile
,1713869113599131648,False,Unknown,N/A,False,UNFOLLOW_IRRELEVANT,Non-Mutual & Non-Engineering Profile
,1099082900056739840,False,Unknown,N/A,False,UNFOLLOW_IRRELEVANT,Non-Mutual & Non-Engineering Profile
,1499054371195473921,False,Unknown,N/A,False,UNFOLLOW_IRRELEVANT,Non-Mutual & Non-Engineering Profile
,2857416658,False,Unknown,N/A,False,UNFOLLOW_IRRELEVANT,Non-Mutual & Non-Engineering Profile
,907173236097646592,False,Unknown,N/A,False,UNFOLLOW_IRRELEVANT,Non-Mutual & Non-Engineering Profile
,1552714137406504960,False,Unknown,N/A,False,UNFOLLOW_IRRELEVANT,Non-Mutual & Non-Engineering Profile
,1844544234176581651,False,Unknown,N/A,False,UNFOLLOW_IRRELEVANT,Non-Mutual & Non-Engineering Profile
,1678025629478932484,False,Unknown,N/A,False,UNFOLLOW_IRRELEVANT,Non-Mutual & Non-Engineering Profile
,1123649711137796096,False,Unknown,N/A,False,UNFOLLOW_IRRELEVANT,Non-Mutual & Non-Engineering Profile
,1600627287224983553,False,Unknown,N/A,False,UNFOLLOW_IRRELEVANT,Non-Mutual & Non-Engineering Profile
,1623122104454373377,False,Unknown,N/A,False,UNFOLLOW_IRRELEVANT,Non-Mutual & Non-Engineering Profile
,1817109674182758402,False,Unknown,N/A,False,UNFOLLOW_IRRELEVANT,Non-Mutual & Non-Engineering Profile
,1237726636939894785,False,Unknown,N/A,False,UNFOLLOW_IRRELEVANT,Non-Mutual & Non-Engineering Profile
,1782403489529761792,False,Unknown,N/A,False,UNFOLLOW_IRRELEVANT,Non-Mutual & Non-Engineering Profile
,1691542699,False,Unknown,N/A,False,UNFOLLOW_IRRELEVANT,Non-Mutual & Non-Engineering Profile
,1255122192309854208,False,Unknown,N/A,False,UNFOLLOW_IRRELEVANT,Non-Mutual & Non-Engineering Profile
,1553477962208624640,False,Unknown,N/A,False,UNFOLLOW_IRRELEVANT,Non-Mutual & Non-Engineering Profile
,1682799828298874880,False,Unknown,N/A,False,UNFOLLOW_IRRELEVANT,Non-Mutual & Non-Engineering Profile
,1853078557552934912,False,Unknown,N/A,False,UNFOLLOW_IRRELEVANT,Non-Mutual & Non-Engineering Profile
,1171731168804446209,False,Unknown,N/A,False,UNFOLLOW_IRRELEVANT,Non-Mutual & Non-Engineering Profile
,1755257518270390272,False,Unknown,N/A,False,UNFOLLOW_IRRELEVANT,Non-Mutual & Non-Engineering Profile
,1447100495831650310,False,Unknown,N/A,False,UNFOLLOW_IRRELEVANT,Non-Mutual & Non-Engineering Profile
,3260285413,False,Unknown,N/A,False,UNFOLLOW_IRRELEVANT,Non-Mutual & Non-Engineering Profile
,3256876080,False,Unknown,N/A,False,UNFOLLOW_IRRELEVANT,Non-Mutual & Non-Engineering Profile
,1390586388647583747,False,Unknown,N/A,False,UNFOLLOW_IRRELEVANT,Non-Mutual & Non-Engineering Profile
,3376321847,False,Unknown,N/A,False,UNFOLLOW_IRRELEVANT,Non-Mutual & Non-Engineering Profile
,4606670113,False,Unknown,N/A,False,UNFOLLOW_IRRELEVANT,Non-Mutual & Non-Engineering Profile
,3385236489,False,Unknown,N/A,False,UNFOLLOW_IRRELEVANT,Non-Mutual & Non-Engineering Profile
,1809674366847971331,False,Unknown,N/A,False,UNFOLLOW_IRRELEVANT,Non-Mutual & Non-Engineering Profile
,791324225068032000,False,Unknown,N/A,False,UNFOLLOW_IRRELEVANT,Non-Mutual & Non-Engineering Profile
,135238301,False,Unknown,N/A,False,UNFOLLOW_IRRELEVANT,Non-Mutual & Non-Engineering Profile
,1993068107288731648,False,Unknown,N/A,False,UNFOLLOW_IRRELEVANT,Non-Mutual & Non-Engineering Profile
,1693671492746141696,False,Unknown,N/A,False,UNFOLLOW_IRRELEVANT,Non-Mutual & Non-Engineering Profile
,1613734673653407746,False,Unknown,N/A,False,UNFOLLOW_IRRELEVANT,Non-Mutual & Non-Engineering Profile
,1902362316483506176,False,Unknown,N/A,False,UNFOLLOW_IRRELEVANT,Non-Mutual & Non-Engineering Profile
,1650413508440346627,False,Unknown,N/A,False,UNFOLLOW_IRRELEVANT,Non-Mutual & Non-Engineering Profile
,1792550726381490176,False,Unknown,N/A,False,UNFOLLOW_IRRELEVANT,Non-Mutual & Non-Engineering Profile
,1878473613457657856,False,Unknown,N/A,False,UNFOLLOW_IRRELEVANT,Non-Mutual & Non-Engineering Profile
,1834699654258180096,False,Unknown,N/A,False,UNFOLLOW_IRRELEVANT,Non-Mutual & Non-Engineering Profile
,1486909041905446912,False,Unknown,N/A,False,UNFOLLOW_IRRELEVANT,Non-Mutual & Non-Engineering Profile
,1942359333649399808,False,Unknown,N/A,False,UNFOLLOW_IRRELEVANT,Non-Mutual & Non-Engineering Profile
,1945753870887485441,False,Unknown,N/A,False,UNFOLLOW_IRRELEVANT,Non-Mutual & Non-Engineering Profile
,1642229629279764480,False,Unknown,N/A,False,UNFOLLOW_IRRELEVANT,Non-Mutual & Non-Engineering Profile
,1065789220021837824,False,Unknown,N/A,False,UNFOLLOW_IRRELEVANT,Non-Mutual & Non-Engineering Profile
,716243343332806656,False,Unknown,N/A,False,UNFOLLOW_IRRELEVANT,Non-Mutual & Non-Engineering Profile
,1781089164680945665,False,Unknown,N/A,False,UNFOLLOW_IRRELEVANT,Non-Mutual & Non-Engineering Profile
,1714770141630623744,False,Unknown,N/A,False,UNFOLLOW_IRRELEVANT,Non-Mutual & Non-Engineering Profile
,1583499963841101824,False,Unknown,N/A,False,UNFOLLOW_IRRELEVANT,Non-Mutual & Non-Engineering Profile
,1740011455586385920,False,Unknown,N/A,False,UNFOLLOW_IRRELEVANT,Non-Mutual & Non-Engineering Profile
,1941109761270755328,False,Unknown,N/A,False,UNFOLLOW_IRRELEVANT,Non-Mutual & Non-Engineering Profile
,1704783694643281920,False,Unknown,N/A,False,UNFOLLOW_IRRELEVANT,Non-Mutual & Non-Engineering Profile
,1993249251753889792,False,Unknown,N/A,False,UNFOLLOW_IRRELEVANT,Non-Mutual & Non-Engineering Profile
,1560423006983397379,False,Unknown,N/A,False,UNFOLLOW_IRRELEVANT,Non-Mutual & Non-Engineering Profile
,1952242709118251008,False,Unknown,N/A,False,UNFOLLOW_IRRELEVANT,Non-Mutual & Non-Engineering Profile
,1253638111449530373,False,Unknown,N/A,False,UNFOLLOW_IRRELEVANT,Non-Mutual & Non-Engineering Profile
,1656451556726788099,False,Unknown,N/A,False,UNFOLLOW_IRRELEVANT,Non-Mutual & Non-Engineering Profile
,247626138,False,Unknown,N/A,False,UNFOLLOW_IRRELEVANT,Non-Mutual & Non-Engineering Profile
,1639601132841361409,False,Unknown,N/A,False,UNFOLLOW_IRRELEVANT,Non-Mutual & Non-Engineering Profile
,1991823875194376193,False,Unknown,N/A,False,UNFOLLOW_IRRELEVANT,Non-Mutual & Non-Engineering Profile
,1787917762720894976,False,Unknown,N/A,False,UNFOLLOW_IRRELEVANT,Non-Mutual & Non-Engineering Profile
,1898317014738829312,False,Unknown,N/A,False,UNFOLLOW_IRRELEVANT,Non-Mutual & Non-Engineering Profile
,1355582443261222917,False,Unknown,N/A,False,UNFOLLOW_IRRELEVANT,Non-Mutual & Non-Engineering Profile
,1410170231570546688,False,Unknown,N/A,False,UNFOLLOW_IRRELEVANT,Non-Mutual & Non-Engineering Profile
,1936107834065690624,False,Unknown,N/A,False,UNFOLLOW_IRRELEVANT,Non-Mutual & Non-Engineering Profile
,1717306204630720512,False,Unknown,N/A,False,UNFOLLOW_IRRELEVANT,Non-Mutual & Non-Engineering Profile
,946716821016797184,False,Unknown,N/A,False,UNFOLLOW_IRRELEVANT,Non-Mutual & Non-Engineering Profile
,1482356237115310084,False,Unknown,N/A,False,UNFOLLOW_IRRELEVANT,Non-Mutual & Non-Engineering Profile
,1529557088577396737,False,Unknown,N/A,False,UNFOLLOW_IRRELEVANT,Non-Mutual & Non-Engineering Profile
,855186770115256322,False,Unknown,N/A,False,UNFOLLOW_IRRELEVANT,Non-Mutual & Non-Engineering Profile
,1872222897453850624,False,Unknown,N/A,False,UNFOLLOW_IRRELEVANT,Non-Mutual & Non-Engineering Profile
,994811603018240001,False,Unknown,N/A,False,UNFOLLOW_IRRELEVANT,Non-Mutual & Non-Engineering Profile
,1528890813245231104,False,Unknown,N/A,False,UNFOLLOW_IRRELEVANT,Non-Mutual & Non-Engineering Profile
,1271878260398448640,False,Unknown,N/A,False,UNFOLLOW_IRRELEVANT,Non-Mutual & Non-Engineering Profile
,97684323,False,Unknown,N/A,False,UNFOLLOW_IRRELEVANT,Non-Mutual & Non-Engineering Profile
,1988793971846590464,False,Unknown,N/A,False,UNFOLLOW_IRRELEVANT,Non-Mutual & Non-Engineering Profile
,1653894267159314433,False,Unknown,N/A,False,UNFOLLOW_IRRELEVANT,Non-Mutual & Non-Engineering Profile
,1720216386264285184,False,Unknown,N/A,False,UNFOLLOW_IRRELEVANT,Non-Mutual & Non-Engineering Profile
,1320789098509012994,False,Unknown,N/A,False,UNFOLLOW_IRRELEVANT,Non-Mutual & Non-Engineering Profile
,1205810978581098496,False,Unknown,N/A,False,UNFOLLOW_IRRELEVANT,Non-Mutual & Non-Engineering Profile
,930732597973528577,False,Unknown,N/A,False,UNFOLLOW_IRRELEVANT,Non-Mutual & Non-Engineering Profile
,140839347,False,Unknown,N/A,False,UNFOLLOW_IRRELEVANT,Non-Mutual & Non-Engineering Profile
,1215796286961725440,False,Unknown,N/A,False,UNFOLLOW_IRRELEVANT,Non-Mutual & Non-Engineering Profile
,1681696044780756998,False,Unknown,N/A,False,UNFOLLOW_IRRELEVANT,Non-Mutual & Non-Engineering Profile
,1533497476593946628,False,Unknown,N/A,False,UNFOLLOW_IRRELEVANT,Non-Mutual & Non-Engineering Profile
,1630658527415922688,False,Unknown,N/A,False,UNFOLLOW_IRRELEVANT,Non-Mutual & Non-Engineering Profile
,17914106,False,Unknown,N/A,False,UNFOLLOW_IRRELEVANT,Non-Mutual & Non-Engineering Profile
,2801607945,False,Unknown,N/A,False,UNFOLLOW_IRRELEVANT,Non-Mutual & Non-Engineering Profile
,1648812898020478976,False,Unknown,N/A,False,UNFOLLOW_IRRELEVANT,Non-Mutual & Non-Engineering Profile
,1385530435820826624,False,Unknown,N/A,False,UNFOLLOW_IRRELEVANT,Non-Mutual & Non-Engineering Profile
,517346352,False,Unknown,N/A,False,UNFOLLOW_IRRELEVANT,Non-Mutual & Non-Engineering Profile
,1649711317735948288,False,Unknown,N/A,False,UNFOLLOW_IRRELEVANT,Non-Mutual & Non-Engineering Profile
,888877185729212417,False,Unknown,N/A,False,UNFOLLOW_IRRELEVANT,Non-Mutual & Non-Engineering Profile
,1600257431816359945,False,Unknown,N/A,False,UNFOLLOW_IRRELEVANT,Non-Mutual & Non-Engineering Profile
,1137490523122524160,False,Unknown,N/A,False,UNFOLLOW_IRRELEVANT,Non-Mutual & Non-Engineering Profile
,1626477746607063041,False,Unknown,N/A,False,UNFOLLOW_IRRELEVANT,Non-Mutual & Non-Engineering Profile
,1828845048554725376,False,Unknown,N/A,False,UNFOLLOW_IRRELEVANT,Non-Mutual & Non-Engineering Profile
,1766084236635725824,False,Unknown,N/A,False,UNFOLLOW_IRRELEVANT,Non-Mutual & Non-Engineering Profile
,1968342807766007808,False,Unknown,N/A,False,UNFOLLOW_IRRELEVANT,Non-Mutual & Non-Engineering Profile
,1221441944267653120,False,Unknown,N/A,False,UNFOLLOW_IRRELEVANT,Non-Mutual & Non-Engineering Profile
,1481412182176849921,False,Unknown,N/A,False,UNFOLLOW_IRRELEVANT,Non-Mutual & Non-Engineering Profile
,18957805,False,Unknown,N/A,False,UNFOLLOW_IRRELEVANT,Non-Mutual & Non-Engineering Profile
,823518894182846464,False,Unknown,N/A,False,UNFOLLOW_IRRELEVANT,Non-Mutual & Non-Engineering Profile
,1652717271469506565,False,Unknown,N/A,False,UNFOLLOW_IRRELEVANT,Non-Mutual & Non-Engineering Profile
,1467821695960449025,False,Unknown,N/A,False,UNFOLLOW_IRRELEVANT,Non-Mutual & Non-Engineering Profile
,925090976464556033,False,Unknown,N/A,False,UNFOLLOW_IRRELEVANT,Non-Mutual & Non-Engineering Profile
,1488835321496313858,False,Unknown,N/A,False,UNFOLLOW_IRRELEVANT,Non-Mutual & Non-Engineering Profile
,1071525780,False,Unknown,N/A,False,UNFOLLOW_IRRELEVANT,Non-Mutual & Non-Engineering Profile
,1905206351346688000,False,Unknown,N/A,False,UNFOLLOW_IRRELEVANT,Non-Mutual & Non-Engineering Profile
,1508147183765307403,False,Unknown,N/A,False,UNFOLLOW_IRRELEVANT,Non-Mutual & Non-Engineering Profile
,517816394,False,Unknown,N/A,False,UNFOLLOW_IRRELEVANT,Non-Mutual & Non-Engineering Profile
,1898096148080214019,False,Unknown,N/A,False,UNFOLLOW_IRRELEVANT,Non-Mutual & Non-Engineering Profile
,1747590830792056832,False,Unknown,N/A,False,UNFOLLOW_IRRELEVANT,Non-Mutual & Non-Engineering Profile
,1495322507322306562,False,Unknown,N/A,False,UNFOLLOW_IRRELEVANT,Non-Mutual & Non-Engineering Profile
,146825871,False,Unknown,N/A,False,UNFOLLOW_IRRELEVANT,Non-Mutual & Non-Engineering Profile
,1689104235731017728,False,Unknown,N/A,False,UNFOLLOW_IRRELEVANT,Non-Mutual & Non-Engineering Profile
,95023423,False,Unknown,N/A,False,UNFOLLOW_IRRELEVANT,Non-Mutual & Non-Engineering Profile
,1625843518643085312,False,Unknown,N/A,False,UNFOLLOW_IRRELEVANT,Non-Mutual & Non-Engineering Profile
,3511430425,False,Unknown,N/A,False,UNFOLLOW_IRRELEVANT,Non-Mutual & Non-Engineering Profile
,855300206086168576,False,Unknown,N/A,False,UNFOLLOW_IRRELEVANT,Non-Mutual & Non-Engineering Profile
,1795475238806851584,False,Unknown,N/A,False,UNFOLLOW_IRRELEVANT,Non-Mutual & Non-Engineering Profile
,1659764713616441344,False,Unknown,N/A,False,UNFOLLOW_IRRELEVANT,Non-Mutual & Non-Engineering Profile
,1634638966459703298,False,Unknown,N/A,False,UNFOLLOW_IRRELEVANT,Non-Mutual & Non-Engineering Profile
,1992899674165202944,False,Unknown,N/A,False,UNFOLLOW_IRRELEVANT,Non-Mutual & Non-Engineering Profile
,3165209270,False,Unknown,N/A,False,UNFOLLOW_IRRELEVANT,Non-Mutual & Non-Engineering Profile
,1671495700499030016,False,Unknown,N/A,False,UNFOLLOW_IRRELEVANT,Non-Mutual & Non-Engineering Profile
,1025520778329161728,False,Unknown,N/A,False,UNFOLLOW_IRRELEVANT,Non-Mutual & Non-Engineering Profile
,1609266722262876163,False,Unknown,N/A,False,UNFOLLOW_IRRELEVANT,Non-Mutual & Non-Engineering Profile
,1642597353914867712,False,Unknown,N/A,False,UNFOLLOW_IRRELEVANT,Non-Mutual & Non-Engineering Profile
,1297053329034547201,False,Unknown,N/A,False,UNFOLLOW_IRRELEVANT,Non-Mutual & Non-Engineering Profile
,1622529753834995712,False,Unknown,N/A,False,UNFOLLOW_IRRELEVANT,Non-Mutual & Non-Engineering Profile
,2427209799,False,Unknown,N/A,False,UNFOLLOW_IRRELEVANT,Non-Mutual & Non-Engineering Profile
,1924543918525366272,False,Unknown,N/A,False,UNFOLLOW_IRRELEVANT,Non-Mutual & Non-Engineering Profile
,1191432344726593536,False,Unknown,N/A,False,UNFOLLOW_IRRELEVANT,Non-Mutual & Non-Engineering Profile
,1984953395606913024,False,Unknown,N/A,False,UNFOLLOW_IRRELEVANT,Non-Mutual & Non-Engineering Profile
,1887791631291781120,False,Unknown,N/A,False,UNFOLLOW_IRRELEVANT,Non-Mutual & Non-Engineering Profile
,1208028867987939329,False,Unknown,N/A,False,UNFOLLOW_IRRELEVANT,Non-Mutual & Non-Engineering Profile
,1995418092370014208,False,Unknown,N/A,False,UNFOLLOW_IRRELEVANT,Non-Mutual & Non-Engineering Profile
,1759870507279679488,False,Unknown,N/A,False,UNFOLLOW_IRRELEVANT,Non-Mutual & Non-Engineering Profile
,1936167925297098752,False,Unknown,N/A,False,UNFOLLOW_IRRELEVANT,Non-Mutual & Non-Engineering Profile
,1736875140426637312,False,Unknown,N/A,False,UNFOLLOW_IRRELEVANT,Non-Mutual & Non-Engineering Profile
,1448549102439043074,False,Unknown,N/A,False,UNFOLLOW_IRRELEVANT,Non-Mutual & Non-Engineering Profile
,1841126058843656201,False,Unknown,N/A,False,UNFOLLOW_IRRELEVANT,Non-Mutual & Non-Engineering Profile
,1971656428218994689,False,Unknown,N/A,False,UNFOLLOW_IRRELEVANT,Non-Mutual & Non-Engineering Profile
,1605133883414134784,False,Unknown,N/A,False,UNFOLLOW_IRRELEVANT,Non-Mutual & Non-Engineering Profile
,1984969696979116032,False,Unknown,N/A,False,UNFOLLOW_IRRELEVANT,Non-Mutual & Non-Engineering Profile
,1037873602417311744,False,Unknown,N/A,False,UNFOLLOW_IRRELEVANT,Non-Mutual & Non-Engineering Profile
,1932711192843137024,False,Unknown,N/A,False,UNFOLLOW_IRRELEVANT,Non-Mutual & Non-Engineering Profile
,1695442666928889856,False,Unknown,N/A,False,UNFOLLOW_IRRELEVANT,Non-Mutual & Non-Engineering Profile
,1495892667993100300,False,Unknown,N/A,False,UNFOLLOW_IRRELEVANT,Non-Mutual & Non-Engineering Profile
,1325407722532204545,False,Unknown,N/A,False,UNFOLLOW_IRRELEVANT,Non-Mutual & Non-Engineering Profile
,1431633861046309071,False,Unknown,N/A,False,UNFOLLOW_IRRELEVANT,Non-Mutual & Non-Engineering Profile
,1040100534982791168,False,Unknown,N/A,False,UNFOLLOW_IRRELEVANT,Non-Mutual & Non-Engineering Profile
,1288841746898534401,False,Unknown,N/A,False,UNFOLLOW_IRRELEVANT,Non-Mutual & Non-Engineering Profile
,1691535095491121152,False,Unknown,N/A,False,UNFOLLOW_IRRELEVANT,Non-Mutual & Non-Engineering Profile
,2425231,False,Unknown,N/A,False,UNFOLLOW_IRRELEVANT,Non-Mutual & Non-Engineering Profile
,997366953571422208,False,Unknown,N/A,False,UNFOLLOW_IRRELEVANT,Non-Mutual & Non-Engineering Profile
,1743830040616607744,False,Unknown,N/A,False,UNFOLLOW_IRRELEVANT,Non-Mutual & Non-Engineering Profile
,738018457652985856,False,Unknown,N/A,False,UNFOLLOW_IRRELEVANT,Non-Mutual & Non-Engineering Profile
,1235140044547117057,False,Unknown,N/A,False,UNFOLLOW_IRRELEVANT,Non-Mutual & Non-Engineering Profile
,1841460152957825024,False,Unknown,N/A,False,UNFOLLOW_IRRELEVANT,Non-Mutual & Non-Engineering Profile
,1743930738599223296,False,Unknown,N/A,False,UNFOLLOW_IRRELEVANT,Non-Mutual & Non-Engineering Profile
,548719889,False,Unknown,N/A,False,UNFOLLOW_IRRELEVANT,Non-Mutual & Non-Engineering Profile
,1308469881529151488,False,Unknown,N/A,False,UNFOLLOW_IRRELEVANT,Non-Mutual & Non-Engineering Profile
,1747755038657687553,False,Unknown,N/A,False,UNFOLLOW_IRRELEVANT,Non-Mutual & Non-Engineering Profile
,1502334134286692353,False,Unknown,N/A,False,UNFOLLOW_IRRELEVANT,Non-Mutual & Non-Engineering Profile
,1670915963359752192,False,Unknown,N/A,False,UNFOLLOW_IRRELEVANT,Non-Mutual & Non-Engineering Profile
,1694157540932587521,False,Unknown,N/A,False,UNFOLLOW_IRRELEVANT,Non-Mutual & Non-Engineering Profile
,2189609887,False,Unknown,N/A,False,UNFOLLOW_IRRELEVANT,Non-Mutual & Non-Engineering Profile
,1316015651417276422,False,Unknown,N/A,False,UNFOLLOW_IRRELEVANT,Non-Mutual & Non-Engineering Profile
,1055780438223081472,False,Unknown,N/A,False,UNFOLLOW_IRRELEVANT,Non-Mutual & Non-Engineering Profile
,14573900,False,Unknown,N/A,False,UNFOLLOW_IRRELEVANT,Non-Mutual & Non-Engineering Profile
,3763761,False,Unknown,N/A,False,UNFOLLOW_IRRELEVANT,Non-Mutual & Non-Engineering Profile
,3987447437,False,Unknown,N/A,False,UNFOLLOW_IRRELEVANT,Non-Mutual & Non-Engineering Profile
,1449140157903482882,False,Unknown,N/A,False,UNFOLLOW_IRRELEVANT,Non-Mutual & Non-Engineering Profile
,97167912,False,Unknown,N/A,False,UNFOLLOW_IRRELEVANT,Non-Mutual & Non-Engineering Profile
,1631426350799020032,False,Unknown,N/A,False,UNFOLLOW_IRRELEVANT,Non-Mutual & Non-Engineering Profile
,1792830717308645376,False,Unknown,N/A,False,UNFOLLOW_IRRELEVANT,Non-Mutual & Non-Engineering Profile
,1161301976669413376,False,Unknown,N/A,False,UNFOLLOW_IRRELEVANT,Non-Mutual & Non-Engineering Profile
,1869768939011465216,False,Unknown,N/A,False,UNFOLLOW_IRRELEVANT,Non-Mutual & Non-Engineering Profile
,1805948211858984960,False,Unknown,N/A,False,UNFOLLOW_IRRELEVANT,Non-Mutual & Non-Engineering Profile
,1630318504707604480,False,Unknown,N/A,False,UNFOLLOW_IRRELEVANT,Non-Mutual & Non-Engineering Profile
,1382428617024679942,False,Unknown,N/A,False,UNFOLLOW_IRRELEVANT,Non-Mutual & Non-Engineering Profile
,1714689648771903488,False,Unknown,N/A,False,UNFOLLOW_IRRELEVANT,Non-Mutual & Non-Engineering Profile
,1505456719194959875,False,Unknown,N/A,False,UNFOLLOW_IRRELEVANT,Non-Mutual & Non-Engineering Profile
,1807397266400964608,False,Unknown,N/A,False,UNFOLLOW_IRRELEVANT,Non-Mutual & Non-Engineering Profile
,1408463562415149056,False,Unknown,N/A,False,UNFOLLOW_IRRELEVANT,Non-Mutual & Non-Engineering Profile
,1199749747508162564,False,Unknown,N/A,False,UNFOLLOW_IRRELEVANT,Non-Mutual & Non-Engineering Profile
,1891607217931157507,False,Unknown,N/A,False,UNFOLLOW_IRRELEVANT,Non-Mutual & Non-Engineering Profile
,1837980935876141056,False,Unknown,N/A,False,UNFOLLOW_IRRELEVANT,Non-Mutual & Non-Engineering Profile
,1849077754550964224,False,Unknown,N/A,False,UNFOLLOW_IRRELEVANT,Non-Mutual & Non-Engineering Profile
,826428413158227969,False,Unknown,N/A,False,UNFOLLOW_IRRELEVANT,Non-Mutual & Non-Engineering Profile
,1654938641536303107,False,Unknown,N/A,False,UNFOLLOW_IRRELEVANT,Non-Mutual & Non-Engineering Profile
,1594220719566626816,False,Unknown,N/A,False,UNFOLLOW_IRRELEVANT,Non-Mutual & Non-Engineering Profile
,1315028121603760131,False,Unknown,N/A,False,UNFOLLOW_IRRELEVANT,Non-Mutual & Non-Engineering Profile
,1443906115113132041,False,Unknown,N/A,False,UNFOLLOW_IRRELEVANT,Non-Mutual & Non-Engineering Profile
,1249285259423866882,False,Unknown,N/A,False,UNFOLLOW_IRRELEVANT,Non-Mutual & Non-Engineering Profile
,1990105625137922048,False,Unknown,N/A,False,UNFOLLOW_IRRELEVANT,Non-Mutual & Non-Engineering Profile
,1784354666676973568,False,Unknown,N/A,False,UNFOLLOW_IRRELEVANT,Non-Mutual & Non-Engineering Profile
,1164836397875777536,False,Unknown,N/A,False,UNFOLLOW_IRRELEVANT,Non-Mutual & Non-Engineering Profile
,1727818397654618112,False,Unknown,N/A,False,UNFOLLOW_IRRELEVANT,Non-Mutual & Non-Engineering Profile
,1699861572867485698,False,Unknown,N/A,False,UNFOLLOW_IRRELEVANT,Non-Mutual & Non-Engineering Profile
,2353116589,False,Unknown,N/A,False,UNFOLLOW_IRRELEVANT,Non-Mutual & Non-Engineering Profile
,1786669841207697408,False,Unknown,N/A,False,UNFOLLOW_IRRELEVANT,Non-Mutual & Non-Engineering Profile
,1508957719637671944,False,Unknown,N/A,False,UNFOLLOW_IRRELEVANT,Non-Mutual & Non-Engineering Profile
,1781312843473965056,False,Unknown,N/A,False,UNFOLLOW_IRRELEVANT,Non-Mutual & Non-Engineering Profile
,1075652370867064833,False,Unknown,N/A,False,UNFOLLOW_IRRELEVANT,Non-Mutual & Non-Engineering Profile
,1785195488737705984,False,Unknown,N/A,False,UNFOLLOW_IRRELEVANT,Non-Mutual & Non-Engineering Profile
,1832267774699122688,False,Unknown,N/A,False,UNFOLLOW_IRRELEVANT,Non-Mutual & Non-Engineering Profile
,1823694457633468417,False,Unknown,N/A,False,UNFOLLOW_IRRELEVANT,Non-Mutual & Non-Engineering Profile
,1908571608702156800,False,Unknown,N/A,False,UNFOLLOW_IRRELEVANT,Non-Mutual & Non-Engineering Profile
,1967187091223203840,False,Unknown,N/A,False,UNFOLLOW_IRRELEVANT,Non-Mutual & Non-Engineering Profile
,1576678768978059264,False,Unknown,N/A,False,UNFOLLOW_IRRELEVANT,Non-Mutual & Non-Engineering Profile
,1974601419874516992,False,Unknown,N/A,False,UNFOLLOW_IRRELEVANT,Non-Mutual & Non-Engineering Profile
,1846608682303242240,False,Unknown,N/A,False,UNFOLLOW_IRRELEVANT,Non-Mutual & Non-Engineering Profile
,1512574934312173574,False,Unknown,N/A,False,UNFOLLOW_IRRELEVANT,Non-Mutual & Non-Engineering Profile
,1733086405478264832,False,Unknown,N/A,False,UNFOLLOW_IRRELEVANT,Non-Mutual & Non-Engineering Profile
,1246521388497764355,False,Unknown,N/A,False,UNFOLLOW_IRRELEVANT,Non-Mutual & Non-Engineering Profile
,1916185131204939779,False,Unknown,N/A,False,UNFOLLOW_IRRELEVANT,Non-Mutual & Non-Engineering Profile
,1950533857394171904,False,Unknown,N/A,False,UNFOLLOW_IRRELEVANT,Non-Mutual & Non-Engineering Profile
,1920594373500157956,False,Unknown,N/A,False,UNFOLLOW_IRRELEVANT,Non-Mutual & Non-Engineering Profile
,1565984309873369089,False,Unknown,N/A,False,UNFOLLOW_IRRELEVANT,Non-Mutual & Non-Engineering Profile
,1952101281067360257,False,Unknown,N/A,False,UNFOLLOW_IRRELEVANT,Non-Mutual & Non-Engineering Profile
,1396191356452810758,False,Unknown,N/A,False,UNFOLLOW_IRRELEVANT,Non-Mutual & Non-Engineering Profile
,1608938860754395140,False,Unknown,N/A,False,UNFOLLOW_IRRELEVANT,Non-Mutual & Non-Engineering Profile
,1299674729612222466,False,Unknown,N/A,False,UNFOLLOW_IRRELEVANT,Non-Mutual & Non-Engineering Profile
,1983092312545865729,False,Unknown,N/A,False,UNFOLLOW_IRRELEVANT,Non-Mutual & Non-Engineering Profile
,1317620266697150464,False,Unknown,N/A,False,UNFOLLOW_IRRELEVANT,Non-Mutual & Non-Engineering Profile
,1985646764662407171,False,Unknown,N/A,False,UNFOLLOW_IRRELEVANT,Non-Mutual & Non-Engineering Profile
,1745535946592862208,False,Unknown,N/A,False,UNFOLLOW_IRRELEVANT,Non-Mutual & Non-Engineering Profile
,1781226427704045569,False,Unknown,N/A,False,UNFOLLOW_IRRELEVANT,Non-Mutual & Non-Engineering Profile
,789908314876411904,False,Unknown,N/A,False,UNFOLLOW_IRRELEVANT,Non-Mutual & Non-Engineering Profile
,1822319069158092800,False,Unknown,N/A,False,UNFOLLOW_IRRELEVANT,Non-Mutual & Non-Engineering Profile
,1976356611653283840,False,Unknown,N/A,False,UNFOLLOW_IRRELEVANT,Non-Mutual & Non-Engineering Profile
,1831795773517795328,False,Unknown,N/A,False,UNFOLLOW_IRRELEVANT,Non-Mutual & Non-Engineering Profile
,869249754752069633,False,Unknown,N/A,False,UNFOLLOW_IRRELEVANT,Non-Mutual & Non-Engineering Profile
,1797973535169675264,False,Unknown,N/A,False,UNFOLLOW_IRRELEVANT,Non-Mutual & Non-Engineering Profile
,1814453174759239685,False,Unknown,N/A,False,UNFOLLOW_IRRELEVANT,Non-Mutual & Non-Engineering Profile
,2228215336,False,Unknown,N/A,False,UNFOLLOW_IRRELEVANT,Non-Mutual & Non-Engineering Profile
,1748750013293862912,False,Unknown,N/A,False,UNFOLLOW_IRRELEVANT,Non-Mutual & Non-Engineering Profile
,1856638207494062080,False,Unknown,N/A,False,UNFOLLOW_IRRELEVANT,Non-Mutual & Non-Engineering Profile
,1193938980221403136,False,Unknown,N/A,False,UNFOLLOW_IRRELEVANT,Non-Mutual & Non-Engineering Profile
,1655829674344235009,False,Unknown,N/A,False,UNFOLLOW_IRRELEVANT,Non-Mutual & Non-Engineering Profile
,1897024885374775296,False,Unknown,N/A,False,UNFOLLOW_IRRELEVANT,Non-Mutual & Non-Engineering Profile
,1837634705828859905,False,Unknown,N/A,False,UNFOLLOW_IRRELEVANT,Non-Mutual & Non-Engineering Profile
,1855907076817690624,False,Unknown,N/A,False,UNFOLLOW_IRRELEVANT,Non-Mutual & Non-Engineering Profile
,1158888696239808514,False,Unknown,N/A,False,UNFOLLOW_IRRELEVANT,Non-Mutual & Non-Engineering Profile
,1592443368000348160,False,Unknown,N/A,False,UNFOLLOW_IRRELEVANT,Non-Mutual & Non-Engineering Profile
,1952082707929858048,False,Unknown,N/A,False,UNFOLLOW_IRRELEVANT,Non-Mutual & Non-Engineering Profile
,3430375715,False,Unknown,N/A,False,UNFOLLOW_IRRELEVANT,Non-Mutual & Non-Engineering Profile
,1372202791033311233,False,Unknown,N/A,False,UNFOLLOW_IRRELEVANT,Non-Mutual & Non-Engineering Profile
,1884742461513228289,False,Unknown,N/A,False,UNFOLLOW_IRRELEVANT,Non-Mutual & Non-Engineering Profile
,1537557659527913472,False,Unknown,N/A,False,UNFOLLOW_IRRELEVANT,Non-Mutual & Non-Engineering Profile
,1633130421696200704,False,Unknown,N/A,False,UNFOLLOW_IRRELEVANT,Non-Mutual & Non-Engineering Profile
,1939017833746247680,False,Unknown,N/A,False,UNFOLLOW_IRRELEVANT,Non-Mutual & Non-Engineering Profile
,1886537835236163584,False,Unknown,N/A,False,UNFOLLOW_IRRELEVANT,Non-Mutual & Non-Engineering Profile
,745273,False,Unknown,N/A,False,UNFOLLOW_IRRELEVANT,Non-Mutual & Non-Engineering Profile
,176665423,False,Unknown,N/A,False,UNFOLLOW_IRRELEVANT,Non-Mutual & Non-Engineering Profile
,1744100751356342272,False,Unknown,N/A,False,UNFOLLOW_IRRELEVANT,Non-Mutual & Non-Engineering Profile
,1342575650104868866,False,Unknown,N/A,False,UNFOLLOW_IRRELEVANT,Non-Mutual & Non-Engineering Profile
,1156520323438632960,False,Unknown,N/A,False,UNFOLLOW_IRRELEVANT,Non-Mutual & Non-Engineering Profile
,1403661820808728576,False,Unknown,N/A,False,UNFOLLOW_IRRELEVANT,Non-Mutual & Non-Engineering Profile
,1309740381500665857,False,Unknown,N/A,False,UNFOLLOW_IRRELEVANT,Non-Mutual & Non-Engineering Profile
,1922567634907791360,False,Unknown,N/A,False,UNFOLLOW_IRRELEVANT,Non-Mutual & Non-Engineering Profile
,1759642430649823232,False,Unknown,N/A,False,UNFOLLOW_IRRELEVANT,Non-Mutual & Non-Engineering Profile
,1245736369042780160,False,Unknown,N/A,False,UNFOLLOW_IRRELEVANT,Non-Mutual & Non-Engineering Profile
,1917154591969251329,False,Unknown,N/A,False,UNFOLLOW_IRRELEVANT,Non-Mutual & Non-Engineering Profile
,1833206128781516800,False,Unknown,N/A,False,UNFOLLOW_IRRELEVANT,Non-Mutual & Non-Engineering Profile
,769922298715537408,False,Unknown,N/A,False,UNFOLLOW_IRRELEVANT,Non-Mutual & Non-Engineering Profile
,1371581088586420229,False,Unknown,N/A,False,UNFOLLOW_IRRELEVANT,Non-Mutual & Non-Engineering Profile
,201237617,False,Unknown,N/A,False,UNFOLLOW_IRRELEVANT,Non-Mutual & Non-Engineering Profile
,1087778780,False,Unknown,N/A,False,UNFOLLOW_IRRELEVANT,Non-Mutual & Non-Engineering Profile
,1165233803176095745,False,Unknown,N/A,False,UNFOLLOW_IRRELEVANT,Non-Mutual & Non-Engineering Profile
,3429950987,False,Unknown,N/A,False,UNFOLLOW_IRRELEVANT,Non-Mutual & Non-Engineering Profile
,855481986290524160,False,Unknown,N/A,False,UNFOLLOW_IRRELEVANT,Non-Mutual & Non-Engineering Profile
,1335132884278108161,False,Unknown,N/A,False,UNFOLLOW_IRRELEVANT,Non-Mutual & Non-Engineering Profile
